item_id,dataset,env,seed,L1,L2,FA,path,is_correct,n_docs,conflict_type,l2_source
qacc-0014,qacc,reflection,13,detected,correct,correct,legitimate,1,9,misinformation,judge
qacc-0014,qacc,standard,13,unrecognized,,wrong,,0,9,misinformation,
qacc-0014,qacc,standard_nothink,13,unrecognized,,wrong,,0,9,misinformation,
qacc-0036,qacc,reflection,13,detected,correct,correct,legitimate,1,10,misinformation,rule
qacc-0036,qacc,standard,13,detected,correct,correct,legitimate,1,10,misinformation,rule
qacc-0036,qacc,standard_nothink,13,unrecognized,,correct,blind_hit,1,10,misinformation,
qacc-0067,qacc,reflection,13,detected,correct,wrong,,0,9,misinformation,rule
qacc-0067,qacc,standard,13,detected,correct,wrong,,0,9,misinformation,judge
qacc-0067,qacc,standard_nothink,13,unrecognized,,correct,blind_hit,1,9,misinformation,
qacc-0073,qacc,reflection,13,detected,correct,correct,legitimate,1,10,misinformation,judge
qacc-0073,qacc,standard,13,unrecognized,,correct,blind_hit,1,10,misinformation,
qacc-0073,qacc,standard_nothink,13,unrecognized,,correct,blind_hit,1,10,misinformation,
qacc-0084,qacc,reflection,13,detected,correct,correct,legitimate,1,7,misinformation,rule
qacc-0084,qacc,standard,13,unrecognized,,wrong,,0,7,misinformation,
qacc-0084,qacc,standard_nothink,13,unrecognized,,wrong,,0,7,misinformation,
qacc-0085,qacc,reflection,13,detected,correct,correct,legitimate,1,9,misinformation,rule
qacc-0085,qacc,standard,13,detected,correct,correct,legitimate,1,9,misinformation,rule
qacc-0085,qacc,standard_nothink,13,unrecognized,,correct,blind_hit,1,9,misinformation,
qacc-0134,qacc,reflection,13,detected,correct,correct,legitimate,1,9,misinformation,judge
qacc-0134,qacc,standard,13,unrecognized,,correct,blind_hit,1,9,misinformation,
qacc-0134,qacc,standard_nothink,13,unrecognized,,correct,blind_hit,1,9,misinformation,
qacc-0138,qacc,reflection,13,detected,correct,correct,legitimate,1,8,misinformation,rule
qacc-0138,qacc,standard,13,unrecognized,,correct,blind_hit,1,8,misinformation,
qacc-0138,qacc,standard_nothink,13,unrecognized,,correct,blind_hit,1,8,misinformation,
qacc-0146,qacc,reflection,13,detected,correct,correct,legitimate,1,10,misinformation,judge
qacc-0146,qacc,standard,13,unrecognized,,correct,blind_hit,1,10,misinformation,
qacc-0146,qacc,standard_nothink,13,unrecognized,,correct,blind_hit,1,10,misinformation,
qacc-0156,qacc,reflection,13,detected,correct,correct,legitimate,1,8,outdated,rule
qacc-0156,qacc,standard,13,unrecognized,,correct,blind_hit,1,8,outdated,
qacc-0156,qacc,standard_nothink,13,unrecognized,,correct,blind_hit,1,8,outdated,
qacc-0191,qacc,reflection,13,detected,correct,correct,legitimate,1,10,misinformation,judge
qacc-0191,qacc,standard,13,unrecognized,,correct,blind_hit,1,10,misinformation,
qacc-0191,qacc,standard_nothink,13,unrecognized,,correct,blind_hit,1,10,misinformation,
qacc-0201,qacc,reflection,13,detected,correct,correct,legitimate,1,10,misinformation,judge
qacc-0201,qacc,standard,13,unrecognized,,correct,blind_hit,1,10,misinformation,
qacc-0201,qacc,standard_nothink,13,unrecognized,,correct,blind_hit,1,10,misinformation,
qacc-0202,qacc,reflection,13,detected,correct,correct,legitimate,1,10,misinformation,judge
qacc-0202,qacc,standard,13,unrecognized,,correct,blind_hit,1,10,misinformation,
qacc-0202,qacc,standard_nothink,13,unrecognized,,correct,blind_hit,1,10,misinformation,
qacc-0241,qacc,reflection,13,detected,correct,correct,legitimate,1,10,misinformation,judge
qacc-0241,qacc,standard,13,unrecognized,,correct,blind_hit,1,10,misinformation,
qacc-0241,qacc,standard_nothink,13,unrecognized,,correct,blind_hit,1,10,misinformation,
qacc-0278,qacc,reflection,13,detected,correct,correct,legitimate,1,10,misinformation,rule
qacc-0278,qacc,standard,13,detected,correct,correct,legitimate,1,10,misinformation,judge
qacc-0278,qacc,standard_nothink,13,unrecognized,,correct,blind_hit,1,10,misinformation,
qacc-0287,qacc,reflection,13,detected,correct,correct,legitimate,1,9,misinformation,judge
qacc-0287,qacc,standard,13,unrecognized,,correct,blind_hit,1,9,misinformation,
qacc-0287,qacc,standard_nothink,13,unrecognized,,correct,blind_hit,1,9,misinformation,
qacc-0296,qacc,reflection,13,detected,correct,correct,legitimate,1,10,misinformation,judge
qacc-0296,qacc,standard,13,unrecognized,,wrong,,0,10,misinformation,
qacc-0296,qacc,standard_nothink,13,unrecognized,,correct,blind_hit,1,10,misinformation,
qacc-0321,qacc,reflection,13,detected,wrong,correct,discordant_hit,1,10,misinformation,rule
qacc-0321,qacc,standard,13,unrecognized,,correct,blind_hit,1,10,misinformation,
qacc-0321,qacc,standard_nothink,13,unrecognized,,correct,blind_hit,1,10,misinformation,
qacc-0334,qacc,reflection,13,unrecognized,,correct,blind_hit,1,9,outdated,
qacc-0334,qacc,standard,13,unrecognized,,correct,blind_hit,1,9,outdated,
qacc-0334,qacc,standard_nothink,13,unrecognized,,correct,blind_hit,1,9,outdated,
qacc-0338,qacc,reflection,13,detected,correct,correct,legitimate,1,10,misinformation,judge
qacc-0338,qacc,standard,13,unrecognized,,correct,blind_hit,1,10,misinformation,
qacc-0338,qacc,standard_nothink,13,unrecognized,,correct,blind_hit,1,10,misinformation,
qacc-0365,qacc,reflection,13,detected,correct,wrong,,0,9,misinformation,judge
qacc-0365,qacc,standard,13,unrecognized,,wrong,,0,9,misinformation,
qacc-0365,qacc,standard_nothink,13,unrecognized,,wrong,,0,9,misinformation,
qacc-0376,qacc,reflection,13,detected,correct,wrong,,0,7,outdated,rule
qacc-0376,qacc,standard,13,detected,correct,wrong,,0,7,outdated,rule
qacc-0376,qacc,standard_nothink,13,unrecognized,,correct,blind_hit,1,7,outdated,
qacc-0404,qacc,reflection,13,detected,correct,wrong,,0,7,misinformation,judge
qacc-0404,qacc,standard,13,unrecognized,,wrong,,0,7,misinformation,
qacc-0404,qacc,standard_nothink,13,unrecognized,,correct,blind_hit,1,7,misinformation,
qacc-0435,qacc,reflection,13,detected,unresolved,correct,shortcut,1,6,misinformation,rule
qacc-0435,qacc,standard,13,detected,correct,wrong,,0,6,misinformation,judge
qacc-0435,qacc,standard_nothink,13,unrecognized,,correct,blind_hit,1,6,misinformation,
qacc-0453,qacc,reflection,13,detected,correct,wrong,,0,10,misinformation,judge
qacc-0453,qacc,standard,13,detected,correct,correct,legitimate,1,10,misinformation,judge
qacc-0453,qacc,standard_nothink,13,unrecognized,,correct,blind_hit,1,10,misinformation,
qacc-0456,qacc,reflection,13,detected,correct,correct,legitimate,1,6,misinformation,judge
qacc-0456,qacc,standard,13,detected,wrong,correct,discordant_hit,1,6,misinformation,rule
qacc-0456,qacc,standard_nothink,13,unrecognized,,correct,blind_hit,1,6,misinformation,
qacc-0462,qacc,reflection,13,detected,wrong,correct,discordant_hit,1,7,misinformation,rule
qacc-0462,qacc,standard,13,detected,correct,correct,legitimate,1,7,misinformation,judge
qacc-0462,qacc,standard_nothink,13,unrecognized,,correct,blind_hit,1,7,misinformation,
qacc-0470,qacc,reflection,13,detected,correct,correct,legitimate,1,10,misinformation,judge
qacc-0470,qacc,standard,13,unrecognized,,correct,blind_hit,1,10,misinformation,
qacc-0470,qacc,standard_nothink,13,unrecognized,,correct,blind_hit,1,10,misinformation,
qacc-0473,qacc,reflection,13,detected,correct,correct,legitimate,1,6,misinformation,judge
qacc-0473,qacc,standard,13,unrecognized,,correct,blind_hit,1,6,misinformation,
qacc-0473,qacc,standard_nothink,13,unrecognized,,correct,blind_hit,1,6,misinformation,
qacc-0477,qacc,reflection,13,unrecognized,,correct,blind_hit,1,10,misinformation,
qacc-0477,qacc,standard,13,unrecognized,,correct,blind_hit,1,10,misinformation,
qacc-0477,qacc,standard_nothink,13,unrecognized,,correct,blind_hit,1,10,misinformation,
qacc-0491,qacc,reflection,13,detected,wrong,wrong,,0,9,misinformation,rule
qacc-0491,qacc,standard,13,unrecognized,,wrong,,0,9,misinformation,
qacc-0491,qacc,standard_nothink,13,unrecognized,,correct,blind_hit,1,9,misinformation,
qacc-0511,qacc,reflection,13,detected,unresolved,correct,shortcut,1,9,misinformation,judge
qacc-0511,qacc,standard,13,unrecognized,,correct,blind_hit,1,9,misinformation,
qacc-0511,qacc,standard_nothink,13,unrecognized,,correct,blind_hit,1,9,misinformation,
qacc-0517,qacc,reflection,13,detected,unresolved,correct,shortcut,1,9,misinformation,rule
qacc-0517,qacc,standard,13,detected,correct,correct,legitimate,1,9,misinformation,judge
qacc-0517,qacc,standard_nothink,13,unrecognized,,correct,blind_hit,1,9,misinformation,
qacc-0535,qacc,reflection,13,detected,correct,correct,legitimate,1,6,misinformation,judge
qacc-0535,qacc,standard,13,unrecognized,,correct,blind_hit,1,6,misinformation,
qacc-0535,qacc,standard_nothink,13,unrecognized,,correct,blind_hit,1,6,misinformation,
qacc-0573,qacc,reflection,13,detected,correct,correct,legitimate,1,10,misinformation,judge
qacc-0573,qacc,standard,13,unrecognized,,correct,blind_hit,1,10,misinformation,
qacc-0573,qacc,standard_nothink,13,unrecognized,,correct,blind_hit,1,10,misinformation,
qacc-0574,qacc,reflection,13,detected,correct,correct,legitimate,1,9,misinformation,judge
qacc-0574,qacc,standard,13,unrecognized,,correct,blind_hit,1,9,misinformation,
qacc-0574,qacc,standard_nothink,13,unrecognized,,correct,blind_hit,1,9,misinformation,
qacc-0647,qacc,reflection,13,detected,correct,correct,legitimate,1,10,misinformation,rule
qacc-0647,qacc,standard,13,unrecognized,,correct,blind_hit,1,10,misinformation,
qacc-0647,qacc,standard_nothink,13,unrecognized,,correct,blind_hit,1,10,misinformation,
qacc-0657,qacc,reflection,13,detected,correct,wrong,,0,9,misinformation,judge
qacc-0657,qacc,standard,13,unrecognized,,wrong,,0,9,misinformation,
qacc-0657,qacc,standard_nothink,13,unrecognized,,wrong,,0,9,misinformation,
qacc-0658,qacc,reflection,13,detected,correct,correct,legitimate,1,6,misinformation,rule
qacc-0658,qacc,standard,13,unrecognized,,correct,blind_hit,1,6,misinformation,
qacc-0658,qacc,standard_nothink,13,unrecognized,,correct,blind_hit,1,6,misinformation,
qacc-0659,qacc,reflection,13,detected,correct,correct,legitimate,1,8,misinformation,judge
qacc-0659,qacc,standard,13,detected,correct,correct,legitimate,1,8,misinformation,rule
qacc-0659,qacc,standard_nothink,13,unrecognized,,correct,blind_hit,1,8,misinformation,
qacc-0663,qacc,reflection,13,detected,correct,correct,legitimate,1,10,misinformation,judge
qacc-0663,qacc,standard,13,unrecognized,,correct,blind_hit,1,10,misinformation,
qacc-0663,qacc,standard_nothink,13,unrecognized,,correct,blind_hit,1,10,misinformation,
qacc-0684,qacc,reflection,13,detected,correct,wrong,,0,9,misinformation,judge
qacc-0684,qacc,standard,13,unrecognized,,wrong,,0,9,misinformation,
qacc-0684,qacc,standard_nothink,13,unrecognized,,correct,blind_hit,1,9,misinformation,
qacc-0699,qacc,reflection,13,detected,correct,correct,legitimate,1,7,misinformation,judge
qacc-0699,qacc,standard,13,detected,wrong,correct,discordant_hit,1,7,misinformation,judge
qacc-0699,qacc,standard_nothink,13,unrecognized,,correct,blind_hit,1,7,misinformation,
qacc-0729,qacc,reflection,13,detected,correct,correct,legitimate,1,8,misinformation,judge
qacc-0729,qacc,standard,13,detected,correct,correct,legitimate,1,8,misinformation,judge
qacc-0729,qacc,standard_nothink,13,unrecognized,,correct,blind_hit,1,8,misinformation,
qacc-0741,qacc,reflection,13,detected,wrong,correct,discordant_hit,1,10,misinformation,judge
qacc-0741,qacc,standard,13,detected,correct,correct,legitimate,1,10,misinformation,judge
qacc-0741,qacc,standard_nothink,13,unrecognized,,correct,blind_hit,1,10,misinformation,
qacc-0746,qacc,reflection,13,detected,correct,wrong,,0,10,misinformation,judge
qacc-0746,qacc,standard,13,unrecognized,,wrong,,0,10,misinformation,
qacc-0746,qacc,standard_nothink,13,unrecognized,,wrong,,0,10,misinformation,
qacc-0764,qacc,reflection,13,detected,correct,wrong,,0,8,misinformation,judge
qacc-0764,qacc,standard,13,unrecognized,,wrong,,0,8,misinformation,
qacc-0764,qacc,standard_nothink,13,unrecognized,,wrong,,0,8,misinformation,
qacc-0777,qacc,reflection,13,detected,wrong,correct,discordant_hit,1,10,misinformation,rule
qacc-0777,qacc,standard,13,unrecognized,,wrong,,0,10,misinformation,
qacc-0777,qacc,standard_nothink,13,unrecognized,,wrong,,0,10,misinformation,
qacc-0781,qacc,reflection,13,unrecognized,,correct,blind_hit,1,8,outdated,
qacc-0781,qacc,standard,13,unrecognized,,correct,blind_hit,1,8,outdated,
qacc-0781,qacc,standard_nothink,13,unrecognized,,correct,blind_hit,1,8,outdated,
qacc-0808,qacc,reflection,13,detected,correct,correct,legitimate,1,7,misinformation,judge
qacc-0808,qacc,standard,13,unrecognized,,correct,blind_hit,1,7,misinformation,
qacc-0808,qacc,standard_nothink,13,unrecognized,,correct,blind_hit,1,7,misinformation,
qacc-0837,qacc,reflection,13,detected,correct,wrong,,0,9,misinformation,rule
qacc-0837,qacc,standard,13,unrecognized,,wrong,,0,9,misinformation,
qacc-0837,qacc,standard_nothink,13,unrecognized,,wrong,,0,9,misinformation,
qacc-0848,qacc,reflection,13,detected,correct,correct,legitimate,1,7,misinformation,judge
qacc-0848,qacc,standard,13,detected,correct,correct,legitimate,1,7,misinformation,judge
qacc-0848,qacc,standard_nothink,13,unrecognized,,correct,blind_hit,1,7,misinformation,
qacc-0850,qacc,reflection,13,detected,wrong,wrong,,0,10,outdated,rule
qacc-0850,qacc,standard,13,unrecognized,,wrong,,0,10,outdated,
qacc-0850,qacc,standard_nothink,13,unrecognized,,correct,blind_hit,1,10,outdated,
qacc-0853,qacc,reflection,13,detected,correct,correct,legitimate,1,7,misinformation,judge
qacc-0853,qacc,standard,13,unrecognized,,correct,blind_hit,1,7,misinformation,
qacc-0853,qacc,standard_nothink,13,unrecognized,,correct,blind_hit,1,7,misinformation,
qacc-0855,qacc,reflection,13,detected,wrong,wrong,,0,9,outdated,rule
qacc-0855,qacc,standard,13,unrecognized,,wrong,,0,9,outdated,
qacc-0855,qacc,standard_nothink,13,unrecognized,,wrong,,0,9,outdated,
qacc-0870,qacc,reflection,13,detected,correct,correct,legitimate,1,10,misinformation,rule
qacc-0870,qacc,standard,13,unrecognized,,correct,blind_hit,1,10,misinformation,
qacc-0870,qacc,standard_nothink,13,unrecognized,,correct,blind_hit,1,10,misinformation,
qacc-0874,qacc,reflection,13,detected,correct,correct,legitimate,1,7,misinformation,rule
qacc-0874,qacc,standard,13,unrecognized,,correct,blind_hit,1,7,misinformation,
qacc-0874,qacc,standard_nothink,13,unrecognized,,correct,blind_hit,1,7,misinformation,
qacc-0878,qacc,reflection,13,detected,wrong,correct,discordant_hit,1,10,outdated,rule
qacc-0878,qacc,standard,13,unrecognized,,wrong,,0,10,outdated,
qacc-0878,qacc,standard_nothink,13,unrecognized,,wrong,,0,10,outdated,
qacc-0880,qacc,reflection,13,detected,correct,correct,legitimate,1,10,outdated,judge
qacc-0880,qacc,standard,13,unrecognized,,correct,blind_hit,1,10,outdated,
qacc-0880,qacc,standard_nothink,13,unrecognized,,correct,blind_hit,1,10,outdated,
qacc-0890,qacc,reflection,13,detected,wrong,wrong,,0,8,misinformation,rule
qacc-0890,qacc,standard,13,unrecognized,,wrong,,0,8,misinformation,
qacc-0890,qacc,standard_nothink,13,unrecognized,,wrong,,0,8,misinformation,
qacc-0897,qacc,reflection,13,detected,correct,wrong,,0,10,misinformation,judge
qacc-0897,qacc,standard,13,unrecognized,,wrong,,0,10,misinformation,
qacc-0897,qacc,standard_nothink,13,unrecognized,,wrong,,0,10,misinformation,
qacc-0901,qacc,reflection,13,detected,correct,correct,legitimate,1,10,misinformation,judge
qacc-0901,qacc,standard,13,unrecognized,,correct,blind_hit,1,10,misinformation,
qacc-0901,qacc,standard_nothink,13,unrecognized,,correct,blind_hit,1,10,misinformation,
qacc-0937,qacc,reflection,13,detected,correct,correct,legitimate,1,9,outdated,rule
qacc-0937,qacc,standard,13,unrecognized,,correct,blind_hit,1,9,outdated,
qacc-0937,qacc,standard_nothink,13,unrecognized,,correct,blind_hit,1,9,outdated,
qacc-0939,qacc,reflection,13,detected,correct,wrong,,0,10,misinformation,rule
qacc-0939,qacc,standard,13,detected,correct,wrong,,0,10,misinformation,rule
qacc-0939,qacc,standard_nothink,13,unrecognized,,wrong,,0,10,misinformation,
qacc-0958,qacc,reflection,13,detected,correct,wrong,,0,9,misinformation,rule
qacc-0958,qacc,standard,13,unrecognized,,wrong,,0,9,misinformation,
qacc-0958,qacc,standard_nothink,13,unrecognized,,wrong,,0,9,misinformation,
qacc-0965,qacc,reflection,13,detected,correct,wrong,,0,6,misinformation,judge
qacc-0965,qacc,standard,13,unrecognized,,wrong,,0,6,misinformation,
qacc-0965,qacc,standard_nothink,13,unrecognized,,wrong,,0,6,misinformation,
qacc-0973,qacc,reflection,13,detected,correct,correct,legitimate,1,10,outdated,rule
qacc-0973,qacc,standard,13,detected,correct,correct,legitimate,1,10,outdated,judge
qacc-0973,qacc,standard_nothink,13,unrecognized,,correct,blind_hit,1,10,outdated,
qacc-0974,qacc,reflection,13,detected,wrong,correct,discordant_hit,1,7,misinformation,judge
qacc-0974,qacc,standard,13,detected,correct,correct,legitimate,1,7,misinformation,judge
qacc-0974,qacc,standard_nothink,13,unrecognized,,correct,blind_hit,1,7,misinformation,
qacc-1007,qacc,reflection,13,detected,correct,correct,legitimate,1,9,misinformation,rule
qacc-1007,qacc,standard,13,unrecognized,,correct,blind_hit,1,9,misinformation,
qacc-1007,qacc,standard_nothink,13,unrecognized,,correct,blind_hit,1,9,misinformation,
qacc-1009,qacc,reflection,13,detected,correct,correct,legitimate,1,8,misinformation,rule
qacc-1009,qacc,standard,13,unrecognized,,correct,blind_hit,1,8,misinformation,
qacc-1009,qacc,standard_nothink,13,unrecognized,,correct,blind_hit,1,8,misinformation,
qacc-1025,qacc,reflection,13,detected,wrong,wrong,,0,9,outdated,judge
qacc-1025,qacc,standard,13,unrecognized,,wrong,,0,9,outdated,
qacc-1025,qacc,standard_nothink,13,unrecognized,,correct,blind_hit,1,9,outdated,
qacc-1043,qacc,reflection,13,detected,correct,wrong,,0,10,outdated,judge
qacc-1043,qacc,standard,13,unrecognized,,wrong,,0,10,outdated,
qacc-1043,qacc,standard_nothink,13,unrecognized,,wrong,,0,10,outdated,
qacc-1065,qacc,reflection,13,detected,correct,wrong,,0,10,misinformation,judge
qacc-1065,qacc,standard,13,detected,correct,wrong,,0,10,misinformation,judge
qacc-1065,qacc,standard_nothink,13,unrecognized,,wrong,,0,10,misinformation,
qacc-1068,qacc,reflection,13,detected,correct,correct,legitimate,1,10,misinformation,rule
qacc-1068,qacc,standard,13,detected,correct,correct,legitimate,1,10,misinformation,judge
qacc-1068,qacc,standard_nothink,13,unrecognized,,correct,blind_hit,1,10,misinformation,
qacc-1084,qacc,reflection,13,detected,correct,correct,legitimate,1,10,misinformation,rule
qacc-1084,qacc,standard,13,detected,correct,correct,legitimate,1,10,misinformation,judge
qacc-1084,qacc,standard_nothink,13,unrecognized,,correct,blind_hit,1,10,misinformation,
qacc-1086,qacc,reflection,13,detected,correct,wrong,,0,10,misinformation,judge
qacc-1086,qacc,standard,13,unrecognized,,wrong,,0,10,misinformation,
qacc-1086,qacc,standard_nothink,13,unrecognized,,wrong,,0,10,misinformation,
qacc-1107,qacc,reflection,13,detected,correct,correct,legitimate,1,10,outdated,judge
qacc-1107,qacc,standard,13,unrecognized,,correct,blind_hit,1,10,outdated,
qacc-1107,qacc,standard_nothink,13,unrecognized,,correct,blind_hit,1,10,outdated,
qacc-1109,qacc,reflection,13,detected,correct,correct,legitimate,1,10,misinformation,judge
qacc-1109,qacc,standard,13,unrecognized,,correct,blind_hit,1,10,misinformation,
qacc-1109,qacc,standard_nothink,13,unrecognized,,correct,blind_hit,1,10,misinformation,
qacc-1112,qacc,reflection,13,detected,correct,correct,legitimate,1,10,misinformation,rule
qacc-1112,qacc,standard,13,unrecognized,,correct,blind_hit,1,10,misinformation,
qacc-1112,qacc,standard_nothink,13,unrecognized,,correct,blind_hit,1,10,misinformation,
qacc-1116,qacc,reflection,13,detected,correct,wrong,,0,10,misinformation,rule
qacc-1116,qacc,standard,13,unrecognized,,wrong,,0,10,misinformation,
qacc-1116,qacc,standard_nothink,13,unrecognized,,wrong,,0,10,misinformation,
qacc-1119,qacc,reflection,13,detected,correct,correct,legitimate,1,10,misinformation,judge
qacc-1119,qacc,standard,13,unrecognized,,correct,blind_hit,1,10,misinformation,
qacc-1119,qacc,standard_nothink,13,unrecognized,,correct,blind_hit,1,10,misinformation,
qacc-1121,qacc,reflection,13,detected,correct,correct,legitimate,1,10,misinformation,judge
qacc-1121,qacc,standard,13,unrecognized,,correct,blind_hit,1,10,misinformation,
qacc-1121,qacc,standard_nothink,13,unrecognized,,correct,blind_hit,1,10,misinformation,
qacc-1122,qacc,reflection,13,detected,correct,wrong,,0,10,misinformation,judge
qacc-1122,qacc,standard,13,unrecognized,,wrong,,0,10,misinformation,
qacc-1122,qacc,standard_nothink,13,unrecognized,,wrong,,0,10,misinformation,
qacc-1123,qacc,reflection,13,detected,correct,correct,legitimate,1,10,misinformation,judge
qacc-1123,qacc,standard,13,unrecognized,,correct,blind_hit,1,10,misinformation,
qacc-1123,qacc,standard_nothink,13,unrecognized,,correct,blind_hit,1,10,misinformation,
qacc-1124,qacc,reflection,13,detected,wrong,correct,discordant_hit,1,10,outdated,rule
qacc-1124,qacc,standard,13,unrecognized,,wrong,,0,10,outdated,
qacc-1124,qacc,standard_nothink,13,unrecognized,,correct,blind_hit,1,10,outdated,
qacc-1130,qacc,reflection,13,detected,correct,correct,legitimate,1,10,misinformation,judge
qacc-1130,qacc,standard,13,unrecognized,,correct,blind_hit,1,10,misinformation,
qacc-1130,qacc,standard_nothink,13,unrecognized,,correct,blind_hit,1,10,misinformation,
qacc-1133,qacc,reflection,13,detected,correct,wrong,,0,10,misinformation,rule
qacc-1133,qacc,standard,13,unrecognized,,wrong,,0,10,misinformation,
qacc-1133,qacc,standard_nothink,13,unrecognized,,wrong,,0,10,misinformation,
qacc-1138,qacc,reflection,13,detected,correct,correct,legitimate,1,10,misinformation,judge
qacc-1138,qacc,standard,13,unrecognized,,correct,blind_hit,1,10,misinformation,
qacc-1138,qacc,standard_nothink,13,unrecognized,,correct,blind_hit,1,10,misinformation,
qacc-1141,qacc,reflection,13,detected,correct,wrong,,0,10,misinformation,rule
qacc-1141,qacc,standard,13,unrecognized,,wrong,,0,10,misinformation,
qacc-1141,qacc,standard_nothink,13,unrecognized,,wrong,,0,10,misinformation,
qacc-1150,qacc,reflection,13,detected,correct,correct,legitimate,1,10,misinformation,judge
qacc-1150,qacc,standard,13,unrecognized,,correct,blind_hit,1,10,misinformation,
qacc-1150,qacc,standard_nothink,13,unrecognized,,correct,blind_hit,1,10,misinformation,
qacc-1151,qacc,reflection,13,unrecognized,,correct,blind_hit,1,10,outdated,
qacc-1151,qacc,standard,13,unrecognized,,correct,blind_hit,1,10,outdated,
qacc-1151,qacc,standard_nothink,13,unrecognized,,correct,blind_hit,1,10,outdated,
qacc-1159,qacc,reflection,13,detected,correct,wrong,,0,10,misinformation,judge
qacc-1159,qacc,standard,13,unrecognized,,correct,blind_hit,1,10,misinformation,
qacc-1159,qacc,standard_nothink,13,unrecognized,,correct,blind_hit,1,10,misinformation,
qacc-1167,qacc,reflection,13,detected,correct,wrong,,0,10,misinformation,judge
qacc-1167,qacc,standard,13,unrecognized,,wrong,,0,10,misinformation,
qacc-1167,qacc,standard_nothink,13,unrecognized,,correct,blind_hit,1,10,misinformation,
qacc-1187,qacc,reflection,13,detected,correct,correct,legitimate,1,10,misinformation,judge
qacc-1187,qacc,standard,13,unrecognized,,correct,blind_hit,1,10,misinformation,
qacc-1187,qacc,standard_nothink,13,unrecognized,,correct,blind_hit,1,10,misinformation,
qacc-1200,qacc,reflection,13,detected,correct,correct,legitimate,1,10,misinformation,judge
qacc-1200,qacc,standard,13,unrecognized,,correct,blind_hit,1,10,misinformation,
qacc-1200,qacc,standard_nothink,13,unrecognized,,correct,blind_hit,1,10,misinformation,
qacc-1206,qacc,reflection,13,detected,correct,correct,legitimate,1,10,misinformation,judge
qacc-1206,qacc,standard,13,unrecognized,,correct,blind_hit,1,10,misinformation,
qacc-1206,qacc,standard_nothink,13,unrecognized,,correct,blind_hit,1,10,misinformation,
qacc-1207,qacc,reflection,13,detected,correct,correct,legitimate,1,10,misinformation,rule
qacc-1207,qacc,standard,13,detected,correct,correct,legitimate,1,10,misinformation,judge
qacc-1207,qacc,standard_nothink,13,unrecognized,,correct,blind_hit,1,10,misinformation,
qacc-1237,qacc,reflection,13,detected,correct,correct,legitimate,1,10,outdated,judge
qacc-1237,qacc,standard,13,unrecognized,,correct,blind_hit,1,10,outdated,
qacc-1237,qacc,standard_nothink,13,unrecognized,,correct,blind_hit,1,10,outdated,
qacc-1256,qacc,reflection,13,detected,correct,correct,legitimate,1,10,misinformation,judge
qacc-1256,qacc,standard,13,unrecognized,,correct,blind_hit,1,10,misinformation,
qacc-1256,qacc,standard_nothink,13,unrecognized,,correct,blind_hit,1,10,misinformation,
qacc-1277,qacc,reflection,13,detected,wrong,correct,discordant_hit,1,10,misinformation,rule
qacc-1277,qacc,standard,13,unrecognized,,correct,blind_hit,1,10,misinformation,
qacc-1277,qacc,standard_nothink,13,unrecognized,,correct,blind_hit,1,10,misinformation,
qacc-1283,qacc,reflection,13,detected,correct,correct,legitimate,1,10,misinformation,judge
qacc-1283,qacc,standard,13,detected,correct,correct,legitimate,1,10,misinformation,judge
qacc-1283,qacc,standard_nothink,13,unrecognized,,correct,blind_hit,1,10,misinformation,
qacc-1287,qacc,reflection,13,detected,correct,correct,legitimate,1,10,misinformation,judge
qacc-1287,qacc,standard,13,unrecognized,,correct,blind_hit,1,10,misinformation,
qacc-1287,qacc,standard_nothink,13,unrecognized,,correct,blind_hit,1,10,misinformation,
qacc-1295,qacc,reflection,13,detected,correct,correct,legitimate,1,10,misinformation,rule
qacc-1295,qacc,standard,13,unrecognized,,correct,blind_hit,1,10,misinformation,
qacc-1295,qacc,standard_nothink,13,unrecognized,,correct,blind_hit,1,10,misinformation,
qacc-1296,qacc,reflection,13,detected,correct,correct,legitimate,1,10,misinformation,judge
qacc-1296,qacc,standard,13,unrecognized,,correct,blind_hit,1,10,misinformation,
qacc-1296,qacc,standard_nothink,13,unrecognized,,correct,blind_hit,1,10,misinformation,
qacc-1327,qacc,reflection,13,detected,correct,correct,legitimate,1,10,misinformation,judge
qacc-1327,qacc,standard,13,unrecognized,,correct,blind_hit,1,10,misinformation,
qacc-1327,qacc,standard_nothink,13,unrecognized,,correct,blind_hit,1,10,misinformation,
qacc-1331,qacc,reflection,13,detected,correct,correct,legitimate,1,10,misinformation,judge
qacc-1331,qacc,standard,13,detected,correct,correct,legitimate,1,10,misinformation,judge
qacc-1331,qacc,standard_nothink,13,unrecognized,,correct,blind_hit,1,10,misinformation,
qacc-1333,qacc,reflection,13,detected,correct,correct,legitimate,1,10,outdated,rule
qacc-1333,qacc,standard,13,detected,correct,correct,legitimate,1,10,outdated,rule
qacc-1333,qacc,standard_nothink,13,unrecognized,,correct,blind_hit,1,10,outdated,
qacc-1339,qacc,reflection,13,detected,correct,correct,legitimate,1,10,misinformation,rule
qacc-1339,qacc,standard,13,unrecognized,,correct,blind_hit,1,10,misinformation,
qacc-1339,qacc,standard_nothink,13,unrecognized,,correct,blind_hit,1,10,misinformation,
qacc-1341,qacc,reflection,13,detected,correct,correct,legitimate,1,10,misinformation,judge
qacc-1341,qacc,standard,13,detected,correct,correct,legitimate,1,10,misinformation,judge
qacc-1341,qacc,standard_nothink,13,unrecognized,,correct,blind_hit,1,10,misinformation,
qacc-1354,qacc,reflection,13,detected,correct,correct,legitimate,1,10,misinformation,judge
qacc-1354,qacc,standard,13,detected,correct,correct,legitimate,1,10,misinformation,judge
qacc-1354,qacc,standard_nothink,13,unrecognized,,correct,blind_hit,1,10,misinformation,
qacc-1377,qacc,reflection,13,detected,correct,correct,legitimate,1,10,misinformation,rule
qacc-1377,qacc,standard,13,unrecognized,,correct,blind_hit,1,10,misinformation,
qacc-1377,qacc,standard_nothink,13,unrecognized,,correct,blind_hit,1,10,misinformation,
qacc-1394,qacc,reflection,13,detected,correct,wrong,,0,10,misinformation,judge
qacc-1394,qacc,standard,13,unrecognized,,wrong,,0,10,misinformation,
qacc-1394,qacc,standard_nothink,13,unrecognized,,correct,blind_hit,1,10,misinformation,
qacc-1402,qacc,reflection,13,detected,correct,correct,legitimate,1,10,misinformation,judge
qacc-1402,qacc,standard,13,unrecognized,,correct,blind_hit,1,10,misinformation,
qacc-1402,qacc,standard_nothink,13,unrecognized,,correct,blind_hit,1,10,misinformation,
qacc-1405,qacc,reflection,13,detected,correct,correct,legitimate,1,10,misinformation,judge
qacc-1405,qacc,standard,13,unrecognized,,correct,blind_hit,1,10,misinformation,
qacc-1405,qacc,standard_nothink,13,unrecognized,,correct,blind_hit,1,10,misinformation,
qacc-1409,qacc,reflection,13,unrecognized,,wrong,,0,10,misinformation,
qacc-1409,qacc,standard,13,unrecognized,,wrong,,0,10,misinformation,
qacc-1409,qacc,standard_nothink,13,unrecognized,,wrong,,0,10,misinformation,
qacc-1417,qacc,reflection,13,detected,correct,wrong,,0,10,misinformation,judge
qacc-1417,qacc,standard,13,detected,correct,wrong,,0,10,misinformation,judge
qacc-1417,qacc,standard_nothink,13,unrecognized,,wrong,,0,10,misinformation,
qacc-1421,qacc,reflection,13,detected,correct,wrong,,0,10,misinformation,judge
qacc-1421,qacc,standard,13,unrecognized,,correct,blind_hit,1,10,misinformation,
qacc-1421,qacc,standard_nothink,13,unrecognized,,wrong,,0,10,misinformation,
qacc-1423,qacc,reflection,13,detected,correct,wrong,,0,10,misinformation,judge
qacc-1423,qacc,standard,13,unrecognized,,wrong,,0,10,misinformation,
qacc-1423,qacc,standard_nothink,13,unrecognized,,wrong,,0,10,misinformation,
qacc-1424,qacc,reflection,13,detected,wrong,correct,discordant_hit,1,10,misinformation,rule
qacc-1424,qacc,standard,13,unrecognized,,correct,blind_hit,1,10,misinformation,
qacc-1424,qacc,standard_nothink,13,unrecognized,,correct,blind_hit,1,10,misinformation,
qacc-1426,qacc,reflection,13,detected,correct,correct,legitimate,1,10,misinformation,rule
qacc-1426,qacc,standard,13,detected,correct,correct,legitimate,1,10,misinformation,judge
qacc-1426,qacc,standard_nothink,13,unrecognized,,correct,blind_hit,1,10,misinformation,
qacc-1430,qacc,reflection,13,detected,unresolved,correct,shortcut,1,10,misinformation,judge
qacc-1430,qacc,standard,13,unrecognized,,correct,blind_hit,1,10,misinformation,
qacc-1430,qacc,standard_nothink,13,unrecognized,,correct,blind_hit,1,10,misinformation,
qacc-1434,qacc,reflection,13,detected,correct,correct,legitimate,1,10,misinformation,judge
qacc-1434,qacc,standard,13,unrecognized,,correct,blind_hit,1,10,misinformation,
qacc-1434,qacc,standard_nothink,13,unrecognized,,correct,blind_hit,1,10,misinformation,
qacc-1445,qacc,reflection,13,detected,correct,correct,legitimate,1,10,misinformation,judge
qacc-1445,qacc,standard,13,unrecognized,,correct,blind_hit,1,10,misinformation,
qacc-1445,qacc,standard_nothink,13,unrecognized,,correct,blind_hit,1,10,misinformation,
qacc-1468,qacc,reflection,13,detected,correct,correct,legitimate,1,10,misinformation,judge
qacc-1468,qacc,standard,13,unrecognized,,correct,blind_hit,1,10,misinformation,
qacc-1468,qacc,standard_nothink,13,unrecognized,,correct,blind_hit,1,10,misinformation,
qacc-1470,qacc,reflection,13,detected,correct,correct,legitimate,1,10,misinformation,rule
qacc-1470,qacc,standard,13,detected,correct,correct,legitimate,1,10,misinformation,judge
qacc-1470,qacc,standard_nothink,13,unrecognized,,correct,blind_hit,1,10,misinformation,
qacc-1477,qacc,reflection,13,detected,correct,correct,legitimate,1,10,misinformation,judge
qacc-1477,qacc,standard,13,unrecognized,,correct,blind_hit,1,10,misinformation,
qacc-1477,qacc,standard_nothink,13,unrecognized,,correct,blind_hit,1,10,misinformation,
qacc-1503,qacc,reflection,13,detected,correct,correct,legitimate,1,10,misinformation,rule
qacc-1503,qacc,standard,13,unrecognized,,correct,blind_hit,1,10,misinformation,
qacc-1503,qacc,standard_nothink,13,unrecognized,,correct,blind_hit,1,10,misinformation,
qacc-1521,qacc,reflection,13,detected,correct,wrong,,0,10,misinformation,judge
qacc-1521,qacc,standard,13,unrecognized,,wrong,,0,10,misinformation,
qacc-1521,qacc,standard_nothink,13,unrecognized,,wrong,,0,10,misinformation,
qacc-1531,qacc,reflection,13,detected,correct,correct,legitimate,1,10,misinformation,judge
qacc-1531,qacc,standard,13,unrecognized,,correct,blind_hit,1,10,misinformation,
qacc-1531,qacc,standard_nothink,13,unrecognized,,correct,blind_hit,1,10,misinformation,
qacc-1552,qacc,reflection,13,detected,correct,wrong,,0,10,misinformation,judge
qacc-1552,qacc,standard,13,unrecognized,,wrong,,0,10,misinformation,
qacc-1552,qacc,standard_nothink,13,unrecognized,,wrong,,0,10,misinformation,
qacc-1554,qacc,reflection,13,detected,wrong,correct,discordant_hit,1,10,misinformation,rule
qacc-1554,qacc,standard,13,unrecognized,,correct,blind_hit,1,10,misinformation,
qacc-1554,qacc,standard_nothink,13,unrecognized,,correct,blind_hit,1,10,misinformation,
qacc-1557,qacc,reflection,13,detected,correct,correct,legitimate,1,10,misinformation,judge
qacc-1557,qacc,standard,13,unrecognized,,correct,blind_hit,1,10,misinformation,
qacc-1557,qacc,standard_nothink,13,unrecognized,,correct,blind_hit,1,10,misinformation,
qacc-1565,qacc,reflection,13,detected,correct,correct,legitimate,1,10,misinformation,judge
qacc-1565,qacc,standard,13,unrecognized,,correct,blind_hit,1,10,misinformation,
qacc-1565,qacc,standard_nothink,13,unrecognized,,correct,blind_hit,1,10,misinformation,
qacc-1574,qacc,reflection,13,detected,correct,wrong,,0,10,misinformation,judge
qacc-1574,qacc,standard,13,unrecognized,,wrong,,0,10,misinformation,
qacc-1574,qacc,standard_nothink,13,unrecognized,,wrong,,0,10,misinformation,
qacc-1575,qacc,reflection,13,detected,wrong,correct,discordant_hit,1,10,misinformation,rule
qacc-1575,qacc,standard,13,detected,correct,correct,legitimate,1,10,misinformation,judge
qacc-1575,qacc,standard_nothink,13,unrecognized,,correct,blind_hit,1,10,misinformation,
qacc-1580,qacc,reflection,13,detected,wrong,wrong,,0,10,outdated,rule
qacc-1580,qacc,standard,13,detected,correct,wrong,,0,10,outdated,judge
qacc-1580,qacc,standard_nothink,13,unrecognized,,correct,blind_hit,1,10,outdated,
qacc-1588,qacc,reflection,13,detected,unresolved,correct,shortcut,1,10,misinformation,rule
qacc-1588,qacc,standard,13,detected,wrong,correct,discordant_hit,1,10,misinformation,judge
qacc-1588,qacc,standard_nothink,13,unrecognized,,correct,blind_hit,1,10,misinformation,
qacc-1602,qacc,reflection,13,detected,correct,correct,legitimate,1,10,misinformation,judge
qacc-1602,qacc,standard,13,unrecognized,,correct,blind_hit,1,10,misinformation,
qacc-1602,qacc,standard_nothink,13,unrecognized,,correct,blind_hit,1,10,misinformation,
ramdocs-0002-a0,ramdocs_a,reflection,13,detected,correct,correct,legitimate,1,7,misinformation,judge
ramdocs-0002-a0,ramdocs_a,standard,13,detected,correct,correct,legitimate,1,7,misinformation,rule
ramdocs-0002-a0,ramdocs_a,standard_nothink,13,unrecognized,,correct,blind_hit,1,7,misinformation,
ramdocs-0008-a0,ramdocs_a,reflection,13,detected,correct,correct,legitimate,1,2,misinformation,rule
ramdocs-0008-a0,ramdocs_a,standard,13,detected,correct,correct,legitimate,1,2,misinformation,rule
ramdocs-0008-a0,ramdocs_a,standard_nothink,13,unrecognized,,correct,blind_hit,1,2,misinformation,
ramdocs-0009-a0,ramdocs_a,reflection,13,detected,correct,correct,legitimate,1,4,misinformation,judge
ramdocs-0009-a0,ramdocs_a,standard,13,unrecognized,,correct,blind_hit,1,4,misinformation,
ramdocs-0009-a0,ramdocs_a,standard_nothink,13,unrecognized,,correct,blind_hit,1,4,misinformation,
ramdocs-0012-a0,ramdocs_a,reflection,13,detected,correct,correct,legitimate,1,7,misinformation,rule
ramdocs-0012-a0,ramdocs_a,standard,13,detected,correct,correct,legitimate,1,7,misinformation,rule
ramdocs-0012-a0,ramdocs_a,standard_nothink,13,unrecognized,,correct,blind_hit,1,7,misinformation,
ramdocs-0013-a0,ramdocs_a,reflection,13,detected,correct,correct,legitimate,1,4,misinformation,rule
ramdocs-0013-a0,ramdocs_a,standard,13,detected,correct,correct,legitimate,1,4,misinformation,rule
ramdocs-0013-a0,ramdocs_a,standard_nothink,13,unrecognized,,correct,blind_hit,1,4,misinformation,
ramdocs-0015-a0,ramdocs_a,reflection,13,detected,correct,correct,legitimate,1,6,misinformation,rule
ramdocs-0015-a0,ramdocs_a,standard,13,detected,correct,correct,legitimate,1,6,misinformation,judge
ramdocs-0015-a0,ramdocs_a,standard_nothink,13,unrecognized,,correct,blind_hit,1,6,misinformation,
ramdocs-0020-a0,ramdocs_a,reflection,13,unrecognized,,correct,blind_hit,1,4,misinformation,
ramdocs-0020-a0,ramdocs_a,standard,13,unrecognized,,correct,blind_hit,1,4,misinformation,
ramdocs-0020-a0,ramdocs_a,standard_nothink,13,unrecognized,,correct,blind_hit,1,4,misinformation,
ramdocs-0021-a0,ramdocs_a,reflection,13,detected,correct,correct,legitimate,1,7,misinformation,judge
ramdocs-0021-a0,ramdocs_a,standard,13,detected,correct,correct,legitimate,1,7,misinformation,judge
ramdocs-0021-a0,ramdocs_a,standard_nothink,13,unrecognized,,correct,blind_hit,1,7,misinformation,
ramdocs-0027-a0,ramdocs_a,reflection,13,detected,correct,correct,legitimate,1,2,misinformation,rule
ramdocs-0027-a0,ramdocs_a,standard,13,detected,correct,correct,legitimate,1,2,misinformation,rule
ramdocs-0027-a0,ramdocs_a,standard_nothink,13,unrecognized,,correct,blind_hit,1,2,misinformation,
ramdocs-0041-a0,ramdocs_a,reflection,13,detected,correct,correct,legitimate,1,6,misinformation,judge
ramdocs-0041-a0,ramdocs_a,standard,13,detected,correct,correct,legitimate,1,6,misinformation,rule
ramdocs-0041-a0,ramdocs_a,standard_nothink,13,unrecognized,,correct,blind_hit,1,6,misinformation,
ramdocs-0049-a0,ramdocs_a,reflection,13,detected,correct,correct,legitimate,1,3,misinformation,rule
ramdocs-0049-a0,ramdocs_a,standard,13,detected,correct,correct,legitimate,1,3,misinformation,judge
ramdocs-0049-a0,ramdocs_a,standard_nothink,13,unrecognized,,correct,blind_hit,1,3,misinformation,
ramdocs-0054-a0,ramdocs_a,reflection,13,detected,wrong,correct,discordant_hit,1,5,misinformation,rule
ramdocs-0054-a0,ramdocs_a,standard,13,unrecognized,,correct,blind_hit,1,5,misinformation,
ramdocs-0054-a0,ramdocs_a,standard_nothink,13,unrecognized,,correct,blind_hit,1,5,misinformation,
ramdocs-0055-a0,ramdocs_a,reflection,13,detected,correct,correct,legitimate,1,2,misinformation,rule
ramdocs-0055-a0,ramdocs_a,standard,13,detected,correct,correct,legitimate,1,2,misinformation,rule
ramdocs-0055-a0,ramdocs_a,standard_nothink,13,unrecognized,,correct,blind_hit,1,2,misinformation,
ramdocs-0056-a0,ramdocs_a,reflection,13,detected,correct,correct,legitimate,1,4,misinformation,rule
ramdocs-0056-a0,ramdocs_a,standard,13,detected,correct,correct,legitimate,1,4,misinformation,judge
ramdocs-0056-a0,ramdocs_a,standard_nothink,13,unrecognized,,correct,blind_hit,1,4,misinformation,
ramdocs-0060-a0,ramdocs_a,reflection,13,detected,correct,wrong,,0,6,misinformation,judge
ramdocs-0060-a0,ramdocs_a,standard,13,detected,correct,wrong,,0,6,misinformation,judge
ramdocs-0060-a0,ramdocs_a,standard_nothink,13,unrecognized,,wrong,,0,6,misinformation,
ramdocs-0064-a0,ramdocs_a,reflection,13,detected,unresolved,correct,shortcut,1,4,misinformation,rule
ramdocs-0064-a0,ramdocs_a,standard,13,detected,wrong,wrong,,0,4,misinformation,rule
ramdocs-0064-a0,ramdocs_a,standard_nothink,13,unrecognized,,correct,blind_hit,1,4,misinformation,
ramdocs-0071-a0,ramdocs_a,reflection,13,detected,correct,correct,legitimate,1,4,misinformation,rule
ramdocs-0071-a0,ramdocs_a,standard,13,detected,correct,correct,legitimate,1,4,misinformation,rule
ramdocs-0071-a0,ramdocs_a,standard_nothink,13,unrecognized,,correct,blind_hit,1,4,misinformation,
ramdocs-0073-a0,ramdocs_a,reflection,13,detected,unresolved,correct,shortcut,1,3,misinformation,rule
ramdocs-0073-a0,ramdocs_a,standard,13,detected,correct,correct,legitimate,1,3,misinformation,rule
ramdocs-0073-a0,ramdocs_a,standard_nothink,13,unrecognized,,correct,blind_hit,1,3,misinformation,
ramdocs-0080-a0,ramdocs_a,reflection,13,detected,correct,correct,legitimate,1,4,misinformation,rule
ramdocs-0080-a0,ramdocs_a,standard,13,detected,correct,correct,legitimate,1,4,misinformation,rule
ramdocs-0080-a0,ramdocs_a,standard_nothink,13,unrecognized,,correct,blind_hit,1,4,misinformation,
ramdocs-0081-a0,ramdocs_a,reflection,13,detected,wrong,correct,discordant_hit,1,5,misinformation,judge
ramdocs-0081-a0,ramdocs_a,standard,13,detected,wrong,correct,discordant_hit,1,5,misinformation,judge
ramdocs-0081-a0,ramdocs_a,standard_nothink,13,unrecognized,,correct,blind_hit,1,5,misinformation,
ramdocs-0083-a0,ramdocs_a,reflection,13,detected,correct,wrong,,0,2,misinformation,judge
ramdocs-0083-a0,ramdocs_a,standard,13,unrecognized,,wrong,,0,2,misinformation,
ramdocs-0083-a0,ramdocs_a,standard_nothink,13,unrecognized,,correct,blind_hit,1,2,misinformation,
ramdocs-0092-a0,ramdocs_a,reflection,13,detected,correct,correct,legitimate,1,4,misinformation,judge
ramdocs-0092-a0,ramdocs_a,standard,13,detected,correct,correct,legitimate,1,4,misinformation,judge
ramdocs-0092-a0,ramdocs_a,standard_nothink,13,unrecognized,,correct,blind_hit,1,4,misinformation,
ramdocs-0095-a0,ramdocs_a,reflection,13,detected,correct,correct,legitimate,1,4,misinformation,rule
ramdocs-0095-a0,ramdocs_a,standard,13,detected,wrong,correct,discordant_hit,1,4,misinformation,judge
ramdocs-0095-a0,ramdocs_a,standard_nothink,13,unrecognized,,correct,blind_hit,1,4,misinformation,
ramdocs-0096-a0,ramdocs_a,reflection,13,detected,correct,correct,legitimate,1,5,misinformation,judge
ramdocs-0096-a0,ramdocs_a,standard,13,detected,correct,correct,legitimate,1,5,misinformation,judge
ramdocs-0096-a0,ramdocs_a,standard_nothink,13,unrecognized,,correct,blind_hit,1,5,misinformation,
ramdocs-0097-a0,ramdocs_a,reflection,13,detected,wrong,correct,discordant_hit,1,4,misinformation,judge
ramdocs-0097-a0,ramdocs_a,standard,13,detected,wrong,correct,discordant_hit,1,4,misinformation,judge
ramdocs-0097-a0,ramdocs_a,standard_nothink,13,unrecognized,,correct,blind_hit,1,4,misinformation,
ramdocs-0101-a1,ramdocs_a,reflection,13,unrecognized,,wrong,,0,5,misinformation,
ramdocs-0101-a1,ramdocs_a,standard,13,detected,wrong,wrong,,0,5,misinformation,rule
ramdocs-0101-a1,ramdocs_a,standard_nothink,13,unrecognized,,correct,blind_hit,1,5,misinformation,
ramdocs-0102-a0,ramdocs_a,reflection,13,detected,correct,correct,legitimate,1,3,misinformation,judge
ramdocs-0102-a0,ramdocs_a,standard,13,detected,correct,correct,legitimate,1,3,misinformation,judge
ramdocs-0102-a0,ramdocs_a,standard_nothink,13,unrecognized,,correct,blind_hit,1,3,misinformation,
ramdocs-0104-a0,ramdocs_a,reflection,13,detected,unresolved,correct,shortcut,1,5,misinformation,judge
ramdocs-0104-a0,ramdocs_a,standard,13,detected,unresolved,correct,shortcut,1,5,misinformation,rule
ramdocs-0104-a0,ramdocs_a,standard_nothink,13,unrecognized,,correct,blind_hit,1,5,misinformation,
ramdocs-0104-a1,ramdocs_a,reflection,13,detected,correct,correct,legitimate,1,6,misinformation,rule
ramdocs-0104-a1,ramdocs_a,standard,13,unrecognized,,correct,blind_hit,1,6,misinformation,
ramdocs-0104-a1,ramdocs_a,standard_nothink,13,unrecognized,,correct,blind_hit,1,6,misinformation,
ramdocs-0114-a1,ramdocs_a,reflection,13,detected,correct,correct,legitimate,1,4,misinformation,rule
ramdocs-0114-a1,ramdocs_a,standard,13,unrecognized,,correct,blind_hit,1,4,misinformation,
ramdocs-0114-a1,ramdocs_a,standard_nothink,13,unrecognized,,correct,blind_hit,1,4,misinformation,
ramdocs-0119-a0,ramdocs_a,reflection,13,detected,correct,correct,legitimate,1,4,misinformation,judge
ramdocs-0119-a0,ramdocs_a,standard,13,detected,correct,correct,legitimate,1,4,misinformation,rule
ramdocs-0119-a0,ramdocs_a,standard_nothink,13,unrecognized,,correct,blind_hit,1,4,misinformation,
ramdocs-0127-a1,ramdocs_a,reflection,13,detected,wrong,correct,discordant_hit,1,6,misinformation,rule
ramdocs-0127-a1,ramdocs_a,standard,13,unrecognized,,correct,blind_hit,1,6,misinformation,
ramdocs-0127-a1,ramdocs_a,standard_nothink,13,unrecognized,,correct,blind_hit,1,6,misinformation,
ramdocs-0129-a0,ramdocs_a,reflection,13,detected,correct,correct,legitimate,1,4,misinformation,rule
ramdocs-0129-a0,ramdocs_a,standard,13,detected,correct,correct,legitimate,1,4,misinformation,rule
ramdocs-0129-a0,ramdocs_a,standard_nothink,13,unrecognized,,wrong,,0,4,misinformation,
ramdocs-0129-a1,ramdocs_a,reflection,13,detected,wrong,correct,discordant_hit,1,4,misinformation,judge
ramdocs-0129-a1,ramdocs_a,standard,13,detected,correct,correct,legitimate,1,4,misinformation,judge
ramdocs-0129-a1,ramdocs_a,standard_nothink,13,unrecognized,,correct,blind_hit,1,4,misinformation,
ramdocs-0131-a0,ramdocs_a,reflection,13,detected,wrong,correct,discordant_hit,1,6,misinformation,rule
ramdocs-0131-a0,ramdocs_a,standard,13,unrecognized,,correct,blind_hit,1,6,misinformation,
ramdocs-0131-a0,ramdocs_a,standard_nothink,13,unrecognized,,correct,blind_hit,1,6,misinformation,
ramdocs-0135-a0,ramdocs_a,reflection,13,detected,unresolved,correct,shortcut,1,2,misinformation,judge
ramdocs-0135-a0,ramdocs_a,standard,13,detected,unresolved,wrong,,0,2,misinformation,judge
ramdocs-0135-a0,ramdocs_a,standard_nothink,13,unrecognized,,correct,blind_hit,1,2,misinformation,
ramdocs-0137-a1,ramdocs_a,reflection,13,detected,correct,correct,legitimate,1,3,misinformation,judge
ramdocs-0137-a1,ramdocs_a,standard,13,unrecognized,,correct,blind_hit,1,3,misinformation,
ramdocs-0137-a1,ramdocs_a,standard_nothink,13,unrecognized,,correct,blind_hit,1,3,misinformation,
ramdocs-0139-a0,ramdocs_a,reflection,13,detected,correct,correct,legitimate,1,6,misinformation,rule
ramdocs-0139-a0,ramdocs_a,standard,13,detected,correct,correct,legitimate,1,6,misinformation,judge
ramdocs-0139-a0,ramdocs_a,standard_nothink,13,unrecognized,,correct,blind_hit,1,6,misinformation,
ramdocs-0148-a0,ramdocs_a,reflection,13,detected,correct,correct,legitimate,1,5,misinformation,judge
ramdocs-0148-a0,ramdocs_a,standard,13,detected,correct,correct,legitimate,1,5,misinformation,judge
ramdocs-0148-a0,ramdocs_a,standard_nothink,13,unrecognized,,correct,blind_hit,1,5,misinformation,
ramdocs-0149-a0,ramdocs_a,reflection,13,detected,correct,correct,legitimate,1,5,misinformation,judge
ramdocs-0149-a0,ramdocs_a,standard,13,detected,correct,correct,legitimate,1,5,misinformation,rule
ramdocs-0149-a0,ramdocs_a,standard_nothink,13,unrecognized,,correct,blind_hit,1,5,misinformation,
ramdocs-0155-a0,ramdocs_a,reflection,13,detected,wrong,correct,discordant_hit,1,5,misinformation,rule
ramdocs-0155-a0,ramdocs_a,standard,13,detected,wrong,correct,discordant_hit,1,5,misinformation,rule
ramdocs-0155-a0,ramdocs_a,standard_nothink,13,unrecognized,,correct,blind_hit,1,5,misinformation,
ramdocs-0155-a1,ramdocs_a,reflection,13,unrecognized,,correct,blind_hit,1,7,misinformation,
ramdocs-0155-a1,ramdocs_a,standard,13,unrecognized,,correct,blind_hit,1,7,misinformation,
ramdocs-0155-a1,ramdocs_a,standard_nothink,13,unrecognized,,correct,blind_hit,1,7,misinformation,
ramdocs-0157-a0,ramdocs_a,reflection,13,detected,correct,correct,legitimate,1,4,misinformation,rule
ramdocs-0157-a0,ramdocs_a,standard,13,detected,correct,correct,legitimate,1,4,misinformation,rule
ramdocs-0157-a0,ramdocs_a,standard_nothink,13,unrecognized,,correct,blind_hit,1,4,misinformation,
ramdocs-0160-a0,ramdocs_a,reflection,13,detected,unresolved,correct,shortcut,1,5,misinformation,judge
ramdocs-0160-a0,ramdocs_a,standard,13,unrecognized,,correct,blind_hit,1,5,misinformation,
ramdocs-0160-a0,ramdocs_a,standard_nothink,13,unrecognized,,correct,blind_hit,1,5,misinformation,
ramdocs-0169-a1,ramdocs_a,reflection,13,detected,correct,correct,legitimate,1,4,misinformation,judge
ramdocs-0169-a1,ramdocs_a,standard,13,detected,correct,correct,legitimate,1,4,misinformation,rule
ramdocs-0169-a1,ramdocs_a,standard_nothink,13,unrecognized,,correct,blind_hit,1,4,misinformation,
ramdocs-0173-a0,ramdocs_a,reflection,13,detected,correct,wrong,,0,6,misinformation,rule
ramdocs-0173-a0,ramdocs_a,standard,13,unrecognized,,wrong,,0,6,misinformation,
ramdocs-0173-a0,ramdocs_a,standard_nothink,13,unrecognized,,correct,blind_hit,1,6,misinformation,
ramdocs-0182-a0,ramdocs_a,reflection,13,detected,unresolved,correct,shortcut,1,4,misinformation,judge
ramdocs-0182-a0,ramdocs_a,standard,13,detected,unresolved,correct,shortcut,1,4,misinformation,judge
ramdocs-0182-a0,ramdocs_a,standard_nothink,13,unrecognized,,correct,blind_hit,1,4,misinformation,
ramdocs-0182-a1,ramdocs_a,reflection,13,detected,correct,correct,legitimate,1,4,misinformation,judge
ramdocs-0182-a1,ramdocs_a,standard,13,unrecognized,,correct,blind_hit,1,4,misinformation,
ramdocs-0182-a1,ramdocs_a,standard_nothink,13,unrecognized,,correct,blind_hit,1,4,misinformation,
ramdocs-0183-a1,ramdocs_a,reflection,13,detected,correct,correct,legitimate,1,5,misinformation,judge
ramdocs-0183-a1,ramdocs_a,standard,13,unrecognized,,correct,blind_hit,1,5,misinformation,
ramdocs-0183-a1,ramdocs_a,standard_nothink,13,unrecognized,,correct,blind_hit,1,5,misinformation,
ramdocs-0189-a0,ramdocs_a,reflection,13,detected,correct,correct,legitimate,1,4,misinformation,judge
ramdocs-0189-a0,ramdocs_a,standard,13,detected,wrong,wrong,,0,4,misinformation,rule
ramdocs-0189-a0,ramdocs_a,standard_nothink,13,unrecognized,,correct,blind_hit,1,4,misinformation,
ramdocs-0193-a0,ramdocs_a,reflection,13,detected,correct,correct,legitimate,1,4,misinformation,judge
ramdocs-0193-a0,ramdocs_a,standard,13,unrecognized,,correct,blind_hit,1,4,misinformation,
ramdocs-0193-a0,ramdocs_a,standard_nothink,13,unrecognized,,correct,blind_hit,1,4,misinformation,
ramdocs-0198-a1,ramdocs_a,reflection,13,detected,wrong,correct,discordant_hit,1,7,misinformation,judge
ramdocs-0198-a1,ramdocs_a,standard,13,detected,correct,correct,legitimate,1,7,misinformation,judge
ramdocs-0198-a1,ramdocs_a,standard_nothink,13,unrecognized,,correct,blind_hit,1,7,misinformation,
ramdocs-0201-a0,ramdocs_a,reflection,13,detected,correct,correct,legitimate,1,4,misinformation,judge
ramdocs-0201-a0,ramdocs_a,standard,13,unrecognized,,correct,blind_hit,1,4,misinformation,
ramdocs-0201-a0,ramdocs_a,standard_nothink,13,unrecognized,,correct,blind_hit,1,4,misinformation,
ramdocs-0206-a0,ramdocs_a,reflection,13,detected,correct,correct,legitimate,1,8,misinformation,judge
ramdocs-0206-a0,ramdocs_a,standard,13,unrecognized,,correct,blind_hit,1,8,misinformation,
ramdocs-0206-a0,ramdocs_a,standard_nothink,13,unrecognized,,correct,blind_hit,1,8,misinformation,
ramdocs-0207-a1,ramdocs_a,reflection,13,detected,correct,correct,legitimate,1,5,misinformation,judge
ramdocs-0207-a1,ramdocs_a,standard,13,detected,correct,correct,legitimate,1,5,misinformation,judge
ramdocs-0207-a1,ramdocs_a,standard_nothink,13,unrecognized,,correct,blind_hit,1,5,misinformation,
ramdocs-0209-a0,ramdocs_a,reflection,13,detected,unresolved,correct,shortcut,1,2,misinformation,judge
ramdocs-0209-a0,ramdocs_a,standard,13,detected,unresolved,correct,shortcut,1,2,misinformation,rule
ramdocs-0209-a0,ramdocs_a,standard_nothink,13,unrecognized,,correct,blind_hit,1,2,misinformation,
ramdocs-0214-a1,ramdocs_a,reflection,13,detected,correct,correct,legitimate,1,5,misinformation,judge
ramdocs-0214-a1,ramdocs_a,standard,13,unrecognized,,correct,blind_hit,1,5,misinformation,
ramdocs-0214-a1,ramdocs_a,standard_nothink,13,unrecognized,,correct,blind_hit,1,5,misinformation,
ramdocs-0218-a0,ramdocs_a,reflection,13,detected,wrong,correct,discordant_hit,1,3,misinformation,rule
ramdocs-0218-a0,ramdocs_a,standard,13,detected,correct,correct,legitimate,1,3,misinformation,rule
ramdocs-0218-a0,ramdocs_a,standard_nothink,13,unrecognized,,correct,blind_hit,1,3,misinformation,
ramdocs-0225-a1,ramdocs_a,reflection,13,detected,correct,correct,legitimate,1,5,misinformation,rule
ramdocs-0225-a1,ramdocs_a,standard,13,detected,correct,correct,legitimate,1,5,misinformation,rule
ramdocs-0225-a1,ramdocs_a,standard_nothink,13,unrecognized,,correct,blind_hit,1,5,misinformation,
ramdocs-0233-a0,ramdocs_a,reflection,13,detected,correct,correct,legitimate,1,5,misinformation,judge
ramdocs-0233-a0,ramdocs_a,standard,13,detected,correct,correct,legitimate,1,5,misinformation,judge
ramdocs-0233-a0,ramdocs_a,standard_nothink,13,unrecognized,,correct,blind_hit,1,5,misinformation,
ramdocs-0233-a1,ramdocs_a,reflection,13,detected,wrong,correct,discordant_hit,1,3,misinformation,judge
ramdocs-0233-a1,ramdocs_a,standard,13,unrecognized,,correct,blind_hit,1,3,misinformation,
ramdocs-0233-a1,ramdocs_a,standard_nothink,13,unrecognized,,correct,blind_hit,1,3,misinformation,
ramdocs-0234-a0,ramdocs_a,reflection,13,detected,correct,correct,legitimate,1,4,misinformation,rule
ramdocs-0234-a0,ramdocs_a,standard,13,detected,correct,correct,legitimate,1,4,misinformation,rule
ramdocs-0234-a0,ramdocs_a,standard_nothink,13,unrecognized,,correct,blind_hit,1,4,misinformation,
ramdocs-0234-a1,ramdocs_a,reflection,13,unrecognized,,correct,blind_hit,1,3,misinformation,
ramdocs-0234-a1,ramdocs_a,standard,13,unrecognized,,correct,blind_hit,1,3,misinformation,
ramdocs-0234-a1,ramdocs_a,standard_nothink,13,unrecognized,,correct,blind_hit,1,3,misinformation,
ramdocs-0238-a0,ramdocs_a,reflection,13,detected,correct,correct,legitimate,1,4,misinformation,judge
ramdocs-0238-a0,ramdocs_a,standard,13,detected,correct,correct,legitimate,1,4,misinformation,rule
ramdocs-0238-a0,ramdocs_a,standard_nothink,13,unrecognized,,correct,blind_hit,1,4,misinformation,
ramdocs-0238-a1,ramdocs_a,reflection,13,detected,correct,correct,legitimate,1,3,misinformation,judge
ramdocs-0238-a1,ramdocs_a,standard,13,unrecognized,,correct,blind_hit,1,3,misinformation,
ramdocs-0238-a1,ramdocs_a,standard_nothink,13,unrecognized,,correct,blind_hit,1,3,misinformation,
ramdocs-0241-a1,ramdocs_a,reflection,13,detected,unresolved,correct,shortcut,1,3,misinformation,judge
ramdocs-0241-a1,ramdocs_a,standard,13,detected,unresolved,correct,shortcut,1,3,misinformation,judge
ramdocs-0241-a1,ramdocs_a,standard_nothink,13,unrecognized,,correct,blind_hit,1,3,misinformation,
ramdocs-0250-a0,ramdocs_a,reflection,13,detected,correct,correct,legitimate,1,2,misinformation,rule
ramdocs-0250-a0,ramdocs_a,standard,13,unrecognized,,correct,blind_hit,1,2,misinformation,
ramdocs-0250-a0,ramdocs_a,standard_nothink,13,unrecognized,,correct,blind_hit,1,2,misinformation,
ramdocs-0252-a1,ramdocs_a,reflection,13,detected,correct,correct,legitimate,1,5,misinformation,judge
ramdocs-0252-a1,ramdocs_a,standard,13,unrecognized,,wrong,,0,5,misinformation,
ramdocs-0252-a1,ramdocs_a,standard_nothink,13,unrecognized,,correct,blind_hit,1,5,misinformation,
ramdocs-0253-a1,ramdocs_a,reflection,13,detected,correct,correct,legitimate,1,3,misinformation,judge
ramdocs-0253-a1,ramdocs_a,standard,13,unrecognized,,correct,blind_hit,1,3,misinformation,
ramdocs-0253-a1,ramdocs_a,standard_nothink,13,unrecognized,,correct,blind_hit,1,3,misinformation,
ramdocs-0254-a1,ramdocs_a,reflection,13,detected,correct,correct,legitimate,1,5,misinformation,judge
ramdocs-0254-a1,ramdocs_a,standard,13,unrecognized,,correct,blind_hit,1,5,misinformation,
ramdocs-0254-a1,ramdocs_a,standard_nothink,13,unrecognized,,correct,blind_hit,1,5,misinformation,
ramdocs-0256-a0,ramdocs_a,reflection,13,detected,correct,correct,legitimate,1,3,misinformation,rule
ramdocs-0256-a0,ramdocs_a,standard,13,detected,correct,correct,legitimate,1,3,misinformation,rule
ramdocs-0256-a0,ramdocs_a,standard_nothink,13,unrecognized,,correct,blind_hit,1,3,misinformation,
ramdocs-0258-a1,ramdocs_a,reflection,13,unrecognized,,correct,blind_hit,1,6,misinformation,
ramdocs-0258-a1,ramdocs_a,standard,13,unrecognized,,correct,blind_hit,1,6,misinformation,
ramdocs-0258-a1,ramdocs_a,standard_nothink,13,unrecognized,,correct,blind_hit,1,6,misinformation,
ramdocs-0261-a0,ramdocs_a,reflection,13,detected,correct,correct,legitimate,1,3,misinformation,rule
ramdocs-0261-a0,ramdocs_a,standard,13,detected,correct,correct,legitimate,1,3,misinformation,rule
ramdocs-0261-a0,ramdocs_a,standard_nothink,13,unrecognized,,correct,blind_hit,1,3,misinformation,
ramdocs-0271-a1,ramdocs_a,reflection,13,detected,correct,correct,legitimate,1,4,misinformation,judge
ramdocs-0271-a1,ramdocs_a,standard,13,unrecognized,,correct,blind_hit,1,4,misinformation,
ramdocs-0271-a1,ramdocs_a,standard_nothink,13,unrecognized,,correct,blind_hit,1,4,misinformation,
ramdocs-0278-a0,ramdocs_a,reflection,13,detected,correct,correct,legitimate,1,3,misinformation,rule
ramdocs-0278-a0,ramdocs_a,standard,13,detected,correct,correct,legitimate,1,3,misinformation,rule
ramdocs-0278-a0,ramdocs_a,standard_nothink,13,unrecognized,,correct,blind_hit,1,3,misinformation,
ramdocs-0282-a0,ramdocs_a,reflection,13,detected,correct,correct,legitimate,1,4,misinformation,rule
ramdocs-0282-a0,ramdocs_a,standard,13,unrecognized,,correct,blind_hit,1,4,misinformation,
ramdocs-0282-a0,ramdocs_a,standard_nothink,13,unrecognized,,correct,blind_hit,1,4,misinformation,
ramdocs-0282-a1,ramdocs_a,reflection,13,detected,correct,correct,legitimate,1,4,misinformation,judge
ramdocs-0282-a1,ramdocs_a,standard,13,unrecognized,,correct,blind_hit,1,4,misinformation,
ramdocs-0282-a1,ramdocs_a,standard_nothink,13,unrecognized,,correct,blind_hit,1,4,misinformation,
ramdocs-0284-a1,ramdocs_a,reflection,13,detected,unresolved,wrong,,0,3,misinformation,judge
ramdocs-0284-a1,ramdocs_a,standard,13,detected,wrong,wrong,,0,3,misinformation,judge
ramdocs-0284-a1,ramdocs_a,standard_nothink,13,unrecognized,,correct,blind_hit,1,3,misinformation,
ramdocs-0287-a1,ramdocs_a,reflection,13,detected,correct,wrong,,0,4,misinformation,judge
ramdocs-0287-a1,ramdocs_a,standard,13,unrecognized,,wrong,,0,4,misinformation,
ramdocs-0287-a1,ramdocs_a,standard_nothink,13,unrecognized,,correct,blind_hit,1,4,misinformation,
ramdocs-0289-a0,ramdocs_a,reflection,13,detected,correct,correct,legitimate,1,7,misinformation,rule
ramdocs-0289-a0,ramdocs_a,standard,13,unrecognized,,correct,blind_hit,1,7,misinformation,
ramdocs-0289-a0,ramdocs_a,standard_nothink,13,unrecognized,,correct,blind_hit,1,7,misinformation,
ramdocs-0289-a1,ramdocs_a,reflection,13,detected,correct,correct,legitimate,1,2,misinformation,rule
ramdocs-0289-a1,ramdocs_a,standard,13,detected,correct,correct,legitimate,1,2,misinformation,rule
ramdocs-0289-a1,ramdocs_a,standard_nothink,13,unrecognized,,correct,blind_hit,1,2,misinformation,
ramdocs-0291-a1,ramdocs_a,reflection,13,detected,wrong,wrong,,0,3,misinformation,rule
ramdocs-0291-a1,ramdocs_a,standard,13,unrecognized,,wrong,,0,3,misinformation,
ramdocs-0291-a1,ramdocs_a,standard_nothink,13,unrecognized,,wrong,,0,3,misinformation,
ramdocs-0295-a0,ramdocs_a,reflection,13,detected,wrong,correct,discordant_hit,1,5,misinformation,rule
ramdocs-0295-a0,ramdocs_a,standard,13,detected,wrong,correct,discordant_hit,1,5,misinformation,rule
ramdocs-0295-a0,ramdocs_a,standard_nothink,13,unrecognized,,correct,blind_hit,1,5,misinformation,
ramdocs-0295-a1,ramdocs_a,reflection,13,detected,correct,correct,legitimate,1,6,misinformation,judge
ramdocs-0295-a1,ramdocs_a,standard,13,unrecognized,,correct,blind_hit,1,6,misinformation,
ramdocs-0295-a1,ramdocs_a,standard_nothink,13,unrecognized,,correct,blind_hit,1,6,misinformation,
ramdocs-0296-a0,ramdocs_a,reflection,13,detected,correct,correct,legitimate,1,5,misinformation,rule
ramdocs-0296-a0,ramdocs_a,standard,13,detected,correct,correct,legitimate,1,5,misinformation,rule
ramdocs-0296-a0,ramdocs_a,standard_nothink,13,unrecognized,,correct,blind_hit,1,5,misinformation,
ramdocs-0296-a1,ramdocs_a,reflection,13,detected,correct,correct,legitimate,1,4,misinformation,judge
ramdocs-0296-a1,ramdocs_a,standard,13,detected,correct,correct,legitimate,1,4,misinformation,judge
ramdocs-0296-a1,ramdocs_a,standard_nothink,13,unrecognized,,correct,blind_hit,1,4,misinformation,
ramdocs-0297-a0,ramdocs_a,reflection,13,detected,correct,correct,legitimate,1,4,misinformation,rule
ramdocs-0297-a0,ramdocs_a,standard,13,detected,correct,correct,legitimate,1,4,misinformation,rule
ramdocs-0297-a0,ramdocs_a,standard_nothink,13,unrecognized,,correct,blind_hit,1,4,misinformation,
ramdocs-0298-a0,ramdocs_a,reflection,13,detected,unresolved,correct,shortcut,1,2,misinformation,judge
ramdocs-0298-a0,ramdocs_a,standard,13,detected,wrong,correct,discordant_hit,1,2,misinformation,rule
ramdocs-0298-a0,ramdocs_a,standard_nothink,13,unrecognized,,correct,blind_hit,1,2,misinformation,
ramdocs-0300-a1,ramdocs_a,reflection,13,detected,correct,correct,legitimate,1,5,misinformation,judge
ramdocs-0300-a1,ramdocs_a,standard,13,unrecognized,,correct,blind_hit,1,5,misinformation,
ramdocs-0300-a1,ramdocs_a,standard_nothink,13,unrecognized,,correct,blind_hit,1,5,misinformation,
ramdocs-0307-a1,ramdocs_a,reflection,13,detected,correct,correct,legitimate,1,5,misinformation,rule
ramdocs-0307-a1,ramdocs_a,standard,13,unrecognized,,correct,blind_hit,1,5,misinformation,
ramdocs-0307-a1,ramdocs_a,standard_nothink,13,unrecognized,,correct,blind_hit,1,5,misinformation,
ramdocs-0309-a0,ramdocs_a,reflection,13,detected,correct,correct,legitimate,1,6,misinformation,judge
ramdocs-0309-a0,ramdocs_a,standard,13,unrecognized,,correct,blind_hit,1,6,misinformation,
ramdocs-0309-a0,ramdocs_a,standard_nothink,13,unrecognized,,correct,blind_hit,1,6,misinformation,
ramdocs-0309-a2,ramdocs_a,reflection,13,detected,correct,correct,legitimate,1,7,misinformation,judge
ramdocs-0309-a2,ramdocs_a,standard,13,unrecognized,,correct,blind_hit,1,7,misinformation,
ramdocs-0309-a2,ramdocs_a,standard_nothink,13,unrecognized,,correct,blind_hit,1,7,misinformation,
ramdocs-0313-a1,ramdocs_a,reflection,13,detected,wrong,wrong,,0,5,misinformation,rule
ramdocs-0313-a1,ramdocs_a,standard,13,unrecognized,,wrong,,0,5,misinformation,
ramdocs-0313-a1,ramdocs_a,standard_nothink,13,unrecognized,,wrong,,0,5,misinformation,
ramdocs-0313-a2,ramdocs_a,reflection,13,unrecognized,,correct,blind_hit,1,5,misinformation,
ramdocs-0313-a2,ramdocs_a,standard,13,unrecognized,,correct,blind_hit,1,5,misinformation,
ramdocs-0313-a2,ramdocs_a,standard_nothink,13,unrecognized,,correct,blind_hit,1,5,misinformation,
ramdocs-0314-a1,ramdocs_a,reflection,13,detected,correct,correct,legitimate,1,5,misinformation,judge
ramdocs-0314-a1,ramdocs_a,standard,13,detected,wrong,correct,discordant_hit,1,5,misinformation,rule
ramdocs-0314-a1,ramdocs_a,standard_nothink,13,unrecognized,,correct,blind_hit,1,5,misinformation,
ramdocs-0323-a1,ramdocs_a,reflection,13,detected,correct,correct,legitimate,1,2,misinformation,judge
ramdocs-0323-a1,ramdocs_a,standard,13,unrecognized,,correct,blind_hit,1,2,misinformation,
ramdocs-0323-a1,ramdocs_a,standard_nothink,13,unrecognized,,correct,blind_hit,1,2,misinformation,
ramdocs-0324-a0,ramdocs_a,reflection,13,detected,wrong,correct,discordant_hit,1,2,misinformation,judge
ramdocs-0324-a0,ramdocs_a,standard,13,unrecognized,,wrong,,0,2,misinformation,
ramdocs-0324-a0,ramdocs_a,standard_nothink,13,unrecognized,,correct,blind_hit,1,2,misinformation,
ramdocs-0324-a1,ramdocs_a,reflection,13,detected,correct,correct,legitimate,1,2,misinformation,judge
ramdocs-0324-a1,ramdocs_a,standard,13,unrecognized,,correct,blind_hit,1,2,misinformation,
ramdocs-0324-a1,ramdocs_a,standard_nothink,13,unrecognized,,correct,blind_hit,1,2,misinformation,
ramdocs-0324-a2,ramdocs_a,reflection,13,unrecognized,,wrong,,0,2,misinformation,
ramdocs-0324-a2,ramdocs_a,standard,13,unrecognized,,wrong,,0,2,misinformation,
ramdocs-0324-a2,ramdocs_a,standard_nothink,13,unrecognized,,wrong,,0,2,misinformation,
ramdocs-0325-a1,ramdocs_a,reflection,13,detected,unresolved,correct,shortcut,1,2,misinformation,rule
ramdocs-0325-a1,ramdocs_a,standard,13,detected,correct,correct,legitimate,1,2,misinformation,rule
ramdocs-0325-a1,ramdocs_a,standard_nothink,13,unrecognized,,correct,blind_hit,1,2,misinformation,
ramdocs-0328-a1,ramdocs_a,reflection,13,detected,correct,correct,legitimate,1,3,misinformation,judge
ramdocs-0328-a1,ramdocs_a,standard,13,unrecognized,,correct,blind_hit,1,3,misinformation,
ramdocs-0328-a1,ramdocs_a,standard_nothink,13,unrecognized,,correct,blind_hit,1,3,misinformation,
ramdocs-0329-a0,ramdocs_a,reflection,13,detected,correct,correct,legitimate,1,5,misinformation,rule
ramdocs-0329-a0,ramdocs_a,standard,13,detected,correct,correct,legitimate,1,5,misinformation,rule
ramdocs-0329-a0,ramdocs_a,standard_nothink,13,unrecognized,,correct,blind_hit,1,5,misinformation,
ramdocs-0331-a0,ramdocs_a,reflection,13,detected,correct,correct,legitimate,1,4,misinformation,judge
ramdocs-0331-a0,ramdocs_a,standard,13,detected,correct,correct,legitimate,1,4,misinformation,rule
ramdocs-0331-a0,ramdocs_a,standard_nothink,13,unrecognized,,correct,blind_hit,1,4,misinformation,
ramdocs-0331-a2,ramdocs_a,reflection,13,detected,correct,correct,legitimate,1,4,misinformation,judge
ramdocs-0331-a2,ramdocs_a,standard,13,detected,correct,correct,legitimate,1,4,misinformation,judge
ramdocs-0331-a2,ramdocs_a,standard_nothink,13,unrecognized,,correct,blind_hit,1,4,misinformation,
ramdocs-0334-a0,ramdocs_a,reflection,13,detected,correct,correct,legitimate,1,3,misinformation,rule
ramdocs-0334-a0,ramdocs_a,standard,13,detected,correct,correct,legitimate,1,3,misinformation,rule
ramdocs-0334-a0,ramdocs_a,standard_nothink,13,unrecognized,,correct,blind_hit,1,3,misinformation,
ramdocs-0334-a1,ramdocs_a,reflection,13,detected,correct,correct,legitimate,1,2,misinformation,judge
ramdocs-0334-a1,ramdocs_a,standard,13,detected,correct,correct,legitimate,1,2,misinformation,judge
ramdocs-0334-a1,ramdocs_a,standard_nothink,13,unrecognized,,correct,blind_hit,1,2,misinformation,
ramdocs-0338-a0,ramdocs_a,reflection,13,detected,correct,correct,legitimate,1,6,misinformation,judge
ramdocs-0338-a0,ramdocs_a,standard,13,detected,correct,correct,legitimate,1,6,misinformation,rule
ramdocs-0338-a0,ramdocs_a,standard_nothink,13,unrecognized,,correct,blind_hit,1,6,misinformation,
ramdocs-0338-a1,ramdocs_a,reflection,13,detected,correct,correct,legitimate,1,6,misinformation,judge
ramdocs-0338-a1,ramdocs_a,standard,13,detected,wrong,correct,discordant_hit,1,6,misinformation,rule
ramdocs-0338-a1,ramdocs_a,standard_nothink,13,unrecognized,,correct,blind_hit,1,6,misinformation,
ramdocs-0342-a0,ramdocs_a,reflection,13,detected,correct,correct,legitimate,1,6,misinformation,judge
ramdocs-0342-a0,ramdocs_a,standard,13,detected,unresolved,correct,shortcut,1,6,misinformation,judge
ramdocs-0342-a0,ramdocs_a,standard_nothink,13,unrecognized,,correct,blind_hit,1,6,misinformation,
ramdocs-0349-a1,ramdocs_a,reflection,13,detected,correct,correct,legitimate,1,4,misinformation,judge
ramdocs-0349-a1,ramdocs_a,standard,13,detected,correct,wrong,,0,4,misinformation,judge
ramdocs-0349-a1,ramdocs_a,standard_nothink,13,unrecognized,,wrong,,0,4,misinformation,
ramdocs-0350-a2,ramdocs_a,reflection,13,detected,correct,wrong,,0,3,misinformation,judge
ramdocs-0350-a2,ramdocs_a,standard,13,unrecognized,,wrong,,0,3,misinformation,
ramdocs-0350-a2,ramdocs_a,standard_nothink,13,unrecognized,,wrong,,0,3,misinformation,
ramdocs-0351-a0,ramdocs_a,reflection,13,detected,wrong,correct,discordant_hit,1,3,misinformation,rule
ramdocs-0351-a0,ramdocs_a,standard,13,detected,correct,correct,legitimate,1,3,misinformation,judge
ramdocs-0351-a0,ramdocs_a,standard_nothink,13,unrecognized,,correct,blind_hit,1,3,misinformation,
ramdocs-0351-a1,ramdocs_a,reflection,13,detected,correct,wrong,,0,3,misinformation,judge
ramdocs-0351-a1,ramdocs_a,standard,13,detected,unresolved,wrong,,0,3,misinformation,rule
ramdocs-0351-a1,ramdocs_a,standard_nothink,13,unrecognized,,wrong,,0,3,misinformation,
ramdocs-0356-a0,ramdocs_a,reflection,13,detected,wrong,correct,discordant_hit,1,5,misinformation,rule
ramdocs-0356-a0,ramdocs_a,standard,13,unrecognized,,correct,blind_hit,1,5,misinformation,
ramdocs-0356-a0,ramdocs_a,standard_nothink,13,unrecognized,,correct,blind_hit,1,5,misinformation,
ramdocs-0356-a1,ramdocs_a,reflection,13,detected,correct,correct,legitimate,1,4,misinformation,judge
ramdocs-0356-a1,ramdocs_a,standard,13,unrecognized,,correct,blind_hit,1,4,misinformation,
ramdocs-0356-a1,ramdocs_a,standard_nothink,13,unrecognized,,correct,blind_hit,1,4,misinformation,
ramdocs-0357-a1,ramdocs_a,reflection,13,detected,unresolved,correct,shortcut,1,2,misinformation,rule
ramdocs-0357-a1,ramdocs_a,standard,13,detected,correct,correct,legitimate,1,2,misinformation,judge
ramdocs-0357-a1,ramdocs_a,standard_nothink,13,unrecognized,,correct,blind_hit,1,2,misinformation,
ramdocs-0358-a2,ramdocs_a,reflection,13,detected,correct,correct,legitimate,1,6,misinformation,rule
ramdocs-0358-a2,ramdocs_a,standard,13,unrecognized,,correct,blind_hit,1,6,misinformation,
ramdocs-0358-a2,ramdocs_a,standard_nothink,13,unrecognized,,correct,blind_hit,1,6,misinformation,
ramdocs-0359-a1,ramdocs_a,reflection,13,detected,correct,correct,legitimate,1,4,misinformation,rule
ramdocs-0359-a1,ramdocs_a,standard,13,unrecognized,,correct,blind_hit,1,4,misinformation,
ramdocs-0359-a1,ramdocs_a,standard_nothink,13,unrecognized,,correct,blind_hit,1,4,misinformation,
ramdocs-0362-a1,ramdocs_a,reflection,13,detected,correct,correct,legitimate,1,4,misinformation,judge
ramdocs-0362-a1,ramdocs_a,standard,13,unrecognized,,correct,blind_hit,1,4,misinformation,
ramdocs-0362-a1,ramdocs_a,standard_nothink,13,unrecognized,,correct,blind_hit,1,4,misinformation,
ramdocs-0364-a2,ramdocs_a,reflection,13,detected,correct,correct,legitimate,1,5,misinformation,judge
ramdocs-0364-a2,ramdocs_a,standard,13,detected,correct,correct,legitimate,1,5,misinformation,judge
ramdocs-0364-a2,ramdocs_a,standard_nothink,13,unrecognized,,correct,blind_hit,1,5,misinformation,
ramdocs-0367-a0,ramdocs_a,reflection,13,detected,correct,correct,legitimate,1,7,misinformation,rule
ramdocs-0367-a0,ramdocs_a,standard,13,unrecognized,,correct,blind_hit,1,7,misinformation,
ramdocs-0367-a0,ramdocs_a,standard_nothink,13,unrecognized,,correct,blind_hit,1,7,misinformation,
ramdocs-0369-a2,ramdocs_a,reflection,13,unrecognized,,wrong,,0,3,misinformation,
ramdocs-0369-a2,ramdocs_a,standard,13,unrecognized,,wrong,,0,3,misinformation,
ramdocs-0369-a2,ramdocs_a,standard_nothink,13,unrecognized,,correct,blind_hit,1,3,misinformation,
ramdocs-0370-a0,ramdocs_a,reflection,13,detected,correct,correct,legitimate,1,5,misinformation,rule
ramdocs-0370-a0,ramdocs_a,standard,13,detected,correct,wrong,,0,5,misinformation,rule
ramdocs-0370-a0,ramdocs_a,standard_nothink,13,unrecognized,,correct,blind_hit,1,5,misinformation,
ramdocs-0370-a1,ramdocs_a,reflection,13,detected,correct,correct,legitimate,1,3,misinformation,judge
ramdocs-0370-a1,ramdocs_a,standard,13,detected,correct,correct,legitimate,1,3,misinformation,judge
ramdocs-0370-a1,ramdocs_a,standard_nothink,13,unrecognized,,correct,blind_hit,1,3,misinformation,
ramdocs-0375-a0,ramdocs_a,reflection,13,detected,correct,correct,legitimate,1,5,misinformation,rule
ramdocs-0375-a0,ramdocs_a,standard,13,detected,correct,correct,legitimate,1,5,misinformation,judge
ramdocs-0375-a0,ramdocs_a,standard_nothink,13,unrecognized,,correct,blind_hit,1,5,misinformation,
ramdocs-0376-a0,ramdocs_a,reflection,13,detected,correct,correct,legitimate,1,5,misinformation,rule
ramdocs-0376-a0,ramdocs_a,standard,13,detected,wrong,correct,discordant_hit,1,5,misinformation,judge
ramdocs-0376-a0,ramdocs_a,standard_nothink,13,unrecognized,,correct,blind_hit,1,5,misinformation,
ramdocs-0376-a1,ramdocs_a,reflection,13,detected,correct,correct,legitimate,1,5,misinformation,judge
ramdocs-0376-a1,ramdocs_a,standard,13,unrecognized,,correct,blind_hit,1,5,misinformation,
ramdocs-0376-a1,ramdocs_a,standard_nothink,13,unrecognized,,correct,blind_hit,1,5,misinformation,
ramdocs-0382-a0,ramdocs_a,reflection,13,detected,correct,correct,legitimate,1,2,misinformation,rule
ramdocs-0382-a0,ramdocs_a,standard,13,detected,correct,correct,legitimate,1,2,misinformation,rule
ramdocs-0382-a0,ramdocs_a,standard_nothink,13,unrecognized,,correct,blind_hit,1,2,misinformation,
ramdocs-0382-a2,ramdocs_a,reflection,13,detected,correct,correct,legitimate,1,3,misinformation,judge
ramdocs-0382-a2,ramdocs_a,standard,13,unrecognized,,correct,blind_hit,1,3,misinformation,
ramdocs-0382-a2,ramdocs_a,standard_nothink,13,unrecognized,,correct,blind_hit,1,3,misinformation,
ramdocs-0386-a0,ramdocs_a,reflection,13,detected,correct,correct,legitimate,1,3,misinformation,judge
ramdocs-0386-a0,ramdocs_a,standard,13,detected,correct,correct,legitimate,1,3,misinformation,judge
ramdocs-0386-a0,ramdocs_a,standard_nothink,13,unrecognized,,correct,blind_hit,1,3,misinformation,
ramdocs-0386-a1,ramdocs_a,reflection,13,unrecognized,,correct,blind_hit,1,4,misinformation,
ramdocs-0386-a1,ramdocs_a,standard,13,detected,correct,correct,legitimate,1,4,misinformation,rule
ramdocs-0386-a1,ramdocs_a,standard_nothink,13,unrecognized,,correct,blind_hit,1,4,misinformation,
ramdocs-0388-a0,ramdocs_a,reflection,13,detected,correct,correct,legitimate,1,6,misinformation,judge
ramdocs-0388-a0,ramdocs_a,standard,13,detected,correct,correct,legitimate,1,6,misinformation,judge
ramdocs-0388-a0,ramdocs_a,standard_nothink,13,unrecognized,,correct,blind_hit,1,6,misinformation,
ramdocs-0388-a2,ramdocs_a,reflection,13,detected,correct,wrong,,0,6,misinformation,judge
ramdocs-0388-a2,ramdocs_a,standard,13,unrecognized,,correct,blind_hit,1,6,misinformation,
ramdocs-0388-a2,ramdocs_a,standard_nothink,13,unrecognized,,correct,blind_hit,1,6,misinformation,
ramdocs-0390-a2,ramdocs_a,reflection,13,detected,correct,correct,legitimate,1,5,misinformation,judge
ramdocs-0390-a2,ramdocs_a,standard,13,unrecognized,,correct,blind_hit,1,5,misinformation,
ramdocs-0390-a2,ramdocs_a,standard_nothink,13,unrecognized,,correct,blind_hit,1,5,misinformation,
ramdocs-0392-a2,ramdocs_a,reflection,13,unrecognized,,correct,blind_hit,1,2,misinformation,
ramdocs-0392-a2,ramdocs_a,standard,13,detected,correct,correct,legitimate,1,2,misinformation,judge
ramdocs-0392-a2,ramdocs_a,standard_nothink,13,unrecognized,,correct,blind_hit,1,2,misinformation,
ramdocs-0393-a0,ramdocs_a,reflection,13,detected,correct,correct,legitimate,1,5,misinformation,rule
ramdocs-0393-a0,ramdocs_a,standard,13,detected,correct,correct,legitimate,1,5,misinformation,rule
ramdocs-0393-a0,ramdocs_a,standard_nothink,13,unrecognized,,correct,blind_hit,1,5,misinformation,
ramdocs-0393-a2,ramdocs_a,reflection,13,detected,correct,correct,legitimate,1,5,misinformation,judge
ramdocs-0393-a2,ramdocs_a,standard,13,unrecognized,,correct,blind_hit,1,5,misinformation,
ramdocs-0393-a2,ramdocs_a,standard_nothink,13,unrecognized,,correct,blind_hit,1,5,misinformation,
ramdocs-0397-a2,ramdocs_a,reflection,13,unrecognized,,wrong,,0,4,misinformation,
ramdocs-0397-a2,ramdocs_a,standard,13,unrecognized,,wrong,,0,4,misinformation,
ramdocs-0397-a2,ramdocs_a,standard_nothink,13,unrecognized,,correct,blind_hit,1,4,misinformation,
ramdocs-0398-a2,ramdocs_a,reflection,13,detected,unresolved,correct,shortcut,1,4,misinformation,rule
ramdocs-0398-a2,ramdocs_a,standard,13,unrecognized,,correct,blind_hit,1,4,misinformation,
ramdocs-0398-a2,ramdocs_a,standard_nothink,13,unrecognized,,correct,blind_hit,1,4,misinformation,
ramdocs-0406-a0,ramdocs_a,reflection,13,detected,wrong,wrong,,0,3,misinformation,rule
ramdocs-0406-a0,ramdocs_a,standard,13,detected,correct,wrong,,0,3,misinformation,rule
ramdocs-0406-a0,ramdocs_a,standard_nothink,13,unrecognized,,correct,blind_hit,1,3,misinformation,
ramdocs-0406-a1,ramdocs_a,reflection,13,detected,correct,correct,legitimate,1,5,misinformation,judge
ramdocs-0406-a1,ramdocs_a,standard,13,unrecognized,,wrong,,0,5,misinformation,
ramdocs-0406-a1,ramdocs_a,standard_nothink,13,unrecognized,,correct,blind_hit,1,5,misinformation,
ramdocs-0407-a0,ramdocs_a,reflection,13,detected,correct,correct,legitimate,1,4,misinformation,rule
ramdocs-0407-a0,ramdocs_a,standard,13,detected,correct,correct,legitimate,1,4,misinformation,rule
ramdocs-0407-a0,ramdocs_a,standard_nothink,13,unrecognized,,correct,blind_hit,1,4,misinformation,
ramdocs-0407-a2,ramdocs_a,reflection,13,detected,correct,correct,legitimate,1,3,misinformation,judge
ramdocs-0407-a2,ramdocs_a,standard,13,unrecognized,,correct,blind_hit,1,3,misinformation,
ramdocs-0407-a2,ramdocs_a,standard_nothink,13,unrecognized,,correct,blind_hit,1,3,misinformation,
ramdocs-0409-a2,ramdocs_a,reflection,13,detected,correct,wrong,,0,6,misinformation,judge
ramdocs-0409-a2,ramdocs_a,standard,13,detected,correct,wrong,,0,6,misinformation,rule
ramdocs-0409-a2,ramdocs_a,standard_nothink,13,unrecognized,,wrong,,0,6,misinformation,
ramdocs-0410-a0,ramdocs_a,reflection,13,detected,correct,correct,legitimate,1,7,misinformation,judge
ramdocs-0410-a0,ramdocs_a,standard,13,unrecognized,,correct,blind_hit,1,7,misinformation,
ramdocs-0410-a0,ramdocs_a,standard_nothink,13,unrecognized,,correct,blind_hit,1,7,misinformation,
ramdocs-0414-a0,ramdocs_a,reflection,13,detected,correct,correct,legitimate,1,7,misinformation,judge
ramdocs-0414-a0,ramdocs_a,standard,13,detected,correct,correct,legitimate,1,7,misinformation,judge
ramdocs-0414-a0,ramdocs_a,standard_nothink,13,unrecognized,,correct,blind_hit,1,7,misinformation,
ramdocs-0414-a1,ramdocs_a,reflection,13,detected,correct,correct,legitimate,1,6,misinformation,judge
ramdocs-0414-a1,ramdocs_a,standard,13,unrecognized,,correct,blind_hit,1,6,misinformation,
ramdocs-0414-a1,ramdocs_a,standard_nothink,13,unrecognized,,correct,blind_hit,1,6,misinformation,
ramdocs-0414-a2,ramdocs_a,reflection,13,detected,wrong,correct,discordant_hit,1,5,misinformation,judge
ramdocs-0414-a2,ramdocs_a,standard,13,unrecognized,,correct,blind_hit,1,5,misinformation,
ramdocs-0414-a2,ramdocs_a,standard_nothink,13,unrecognized,,correct,blind_hit,1,5,misinformation,
ramdocs-0415-a0,ramdocs_a,reflection,13,unrecognized,,correct,blind_hit,1,6,misinformation,
ramdocs-0415-a0,ramdocs_a,standard,13,unrecognized,,correct,blind_hit,1,6,misinformation,
ramdocs-0415-a0,ramdocs_a,standard_nothink,13,unrecognized,,correct,blind_hit,1,6,misinformation,
ramdocs-0415-a1,ramdocs_a,reflection,13,detected,wrong,correct,discordant_hit,1,3,misinformation,judge
ramdocs-0415-a1,ramdocs_a,standard,13,unrecognized,,correct,blind_hit,1,3,misinformation,
ramdocs-0415-a1,ramdocs_a,standard_nothink,13,unrecognized,,correct,blind_hit,1,3,misinformation,
ramdocs-0418-a2,ramdocs_a,reflection,13,detected,wrong,correct,discordant_hit,1,5,misinformation,rule
ramdocs-0418-a2,ramdocs_a,standard,13,unrecognized,,correct,blind_hit,1,5,misinformation,
ramdocs-0418-a2,ramdocs_a,standard_nothink,13,unrecognized,,correct,blind_hit,1,5,misinformation,
ramdocs-0420-a1,ramdocs_a,reflection,13,detected,correct,correct,legitimate,1,4,misinformation,judge
ramdocs-0420-a1,ramdocs_a,standard,13,detected,wrong,correct,discordant_hit,1,4,misinformation,rule
ramdocs-0420-a1,ramdocs_a,standard_nothink,13,unrecognized,,correct,blind_hit,1,4,misinformation,
ramdocs-0424-a2,ramdocs_a,reflection,13,detected,correct,correct,legitimate,1,2,misinformation,judge
ramdocs-0424-a2,ramdocs_a,standard,13,unrecognized,,wrong,,0,2,misinformation,
ramdocs-0424-a2,ramdocs_a,standard_nothink,13,unrecognized,,wrong,,0,2,misinformation,
ramdocs-0426-a1,ramdocs_a,reflection,13,detected,unresolved,correct,shortcut,1,4,misinformation,rule
ramdocs-0426-a1,ramdocs_a,standard,13,detected,wrong,correct,discordant_hit,1,4,misinformation,judge
ramdocs-0426-a1,ramdocs_a,standard_nothink,13,unrecognized,,correct,blind_hit,1,4,misinformation,
ramdocs-0429-a2,ramdocs_a,reflection,13,detected,correct,correct,legitimate,1,2,misinformation,judge
ramdocs-0429-a2,ramdocs_a,standard,13,detected,correct,correct,legitimate,1,2,misinformation,judge
ramdocs-0429-a2,ramdocs_a,standard_nothink,13,unrecognized,,correct,blind_hit,1,2,misinformation,
ramdocs-0434-a0,ramdocs_a,reflection,13,detected,wrong,correct,discordant_hit,1,6,misinformation,rule
ramdocs-0434-a0,ramdocs_a,standard,13,detected,correct,correct,legitimate,1,6,misinformation,judge
ramdocs-0434-a0,ramdocs_a,standard_nothink,13,unrecognized,,correct,blind_hit,1,6,misinformation,
ramdocs-0438-a0,ramdocs_a,reflection,13,detected,correct,correct,legitimate,1,6,misinformation,judge
ramdocs-0438-a0,ramdocs_a,standard,13,detected,correct,correct,legitimate,1,6,misinformation,rule
ramdocs-0438-a0,ramdocs_a,standard_nothink,13,unrecognized,,correct,blind_hit,1,6,misinformation,
ramdocs-0438-a1,ramdocs_a,reflection,13,detected,wrong,correct,discordant_hit,1,5,misinformation,judge
ramdocs-0438-a1,ramdocs_a,standard,13,detected,wrong,correct,discordant_hit,1,5,misinformation,judge
ramdocs-0438-a1,ramdocs_a,standard_nothink,13,unrecognized,,correct,blind_hit,1,5,misinformation,
ramdocs-0442-a1,ramdocs_a,reflection,13,detected,correct,correct,legitimate,1,3,misinformation,rule
ramdocs-0442-a1,ramdocs_a,standard,13,unrecognized,,correct,blind_hit,1,3,misinformation,
ramdocs-0442-a1,ramdocs_a,standard_nothink,13,unrecognized,,correct,blind_hit,1,3,misinformation,
ramdocs-0442-a2,ramdocs_a,reflection,13,unrecognized,,correct,blind_hit,1,3,misinformation,
ramdocs-0442-a2,ramdocs_a,standard,13,unrecognized,,correct,blind_hit,1,3,misinformation,
ramdocs-0442-a2,ramdocs_a,standard_nothink,13,unrecognized,,correct,blind_hit,1,3,misinformation,
ramdocs-0444-a0,ramdocs_a,reflection,13,detected,correct,correct,legitimate,1,2,misinformation,judge
ramdocs-0444-a0,ramdocs_a,standard,13,unrecognized,,correct,blind_hit,1,2,misinformation,
ramdocs-0444-a0,ramdocs_a,standard_nothink,13,unrecognized,,correct,blind_hit,1,2,misinformation,
ramdocs-0444-a1,ramdocs_a,reflection,13,detected,correct,correct,legitimate,1,3,misinformation,judge
ramdocs-0444-a1,ramdocs_a,standard,13,unrecognized,,correct,blind_hit,1,3,misinformation,
ramdocs-0444-a1,ramdocs_a,standard_nothink,13,unrecognized,,correct,blind_hit,1,3,misinformation,
ramdocs-0446-a0,ramdocs_a,reflection,13,detected,wrong,correct,discordant_hit,1,4,misinformation,rule
ramdocs-0446-a0,ramdocs_a,standard,13,detected,correct,correct,legitimate,1,4,misinformation,rule
ramdocs-0446-a0,ramdocs_a,standard_nothink,13,unrecognized,,correct,blind_hit,1,4,misinformation,
ramdocs-0446-a1,ramdocs_a,reflection,13,detected,wrong,correct,discordant_hit,1,6,misinformation,judge
ramdocs-0446-a1,ramdocs_a,standard,13,unrecognized,,correct,blind_hit,1,6,misinformation,
ramdocs-0446-a1,ramdocs_a,standard_nothink,13,unrecognized,,correct,blind_hit,1,6,misinformation,
ramdocs-0446-a2,ramdocs_a,reflection,13,detected,correct,wrong,,0,5,misinformation,judge
ramdocs-0446-a2,ramdocs_a,standard,13,unrecognized,,wrong,,0,5,misinformation,
ramdocs-0446-a2,ramdocs_a,standard_nothink,13,unrecognized,,correct,blind_hit,1,5,misinformation,
ramdocs-0447-a0,ramdocs_a,reflection,13,detected,correct,correct,legitimate,1,3,misinformation,rule
ramdocs-0447-a0,ramdocs_a,standard,13,detected,correct,correct,legitimate,1,3,misinformation,judge
ramdocs-0447-a0,ramdocs_a,standard_nothink,13,unrecognized,,correct,blind_hit,1,3,misinformation,
ramdocs-0447-a1,ramdocs_a,reflection,13,detected,correct,correct,legitimate,1,3,misinformation,judge
ramdocs-0447-a1,ramdocs_a,standard,13,unrecognized,,correct,blind_hit,1,3,misinformation,
ramdocs-0447-a1,ramdocs_a,standard_nothink,13,unrecognized,,correct,blind_hit,1,3,misinformation,
ramdocs-0451-a1,ramdocs_a,reflection,13,detected,correct,wrong,,0,4,misinformation,judge
ramdocs-0451-a1,ramdocs_a,standard,13,unrecognized,,wrong,,0,4,misinformation,
ramdocs-0451-a1,ramdocs_a,standard_nothink,13,unrecognized,,correct,blind_hit,1,4,misinformation,
ramdocs-0453-a1,ramdocs_a,reflection,13,detected,correct,correct,legitimate,1,5,misinformation,judge
ramdocs-0453-a1,ramdocs_a,standard,13,unrecognized,,wrong,,0,5,misinformation,
ramdocs-0453-a1,ramdocs_a,standard_nothink,13,unrecognized,,correct,blind_hit,1,5,misinformation,
ramdocs-0457-a1,ramdocs_a,reflection,13,detected,correct,correct,legitimate,1,3,misinformation,judge
ramdocs-0457-a1,ramdocs_a,standard,13,unrecognized,,correct,blind_hit,1,3,misinformation,
ramdocs-0457-a1,ramdocs_a,standard_nothink,13,unrecognized,,correct,blind_hit,1,3,misinformation,
ramdocs-0457-a2,ramdocs_a,reflection,13,detected,correct,correct,legitimate,1,2,misinformation,judge
ramdocs-0457-a2,ramdocs_a,standard,13,detected,correct,correct,legitimate,1,2,misinformation,judge
ramdocs-0457-a2,ramdocs_a,standard_nothink,13,unrecognized,,correct,blind_hit,1,2,misinformation,
ramdocs-0460-a1,ramdocs_a,reflection,13,detected,correct,correct,legitimate,1,5,misinformation,rule
ramdocs-0460-a1,ramdocs_a,standard,13,unrecognized,,correct,blind_hit,1,5,misinformation,
ramdocs-0460-a1,ramdocs_a,standard_nothink,13,unrecognized,,correct,blind_hit,1,5,misinformation,
ramdocs-0461-a0,ramdocs_a,reflection,13,detected,correct,correct,legitimate,1,3,misinformation,rule
ramdocs-0461-a0,ramdocs_a,standard,13,detected,correct,correct,legitimate,1,3,misinformation,rule
ramdocs-0461-a0,ramdocs_a,standard_nothink,13,unrecognized,,correct,blind_hit,1,3,misinformation,
ramdocs-0463-a0,ramdocs_a,reflection,13,detected,unresolved,wrong,,0,3,misinformation,judge
ramdocs-0463-a0,ramdocs_a,standard,13,detected,correct,correct,legitimate,1,3,misinformation,rule
ramdocs-0463-a0,ramdocs_a,standard_nothink,13,unrecognized,,correct,blind_hit,1,3,misinformation,
ramdocs-0463-a1,ramdocs_a,reflection,13,detected,correct,wrong,,0,4,misinformation,judge
ramdocs-0463-a1,ramdocs_a,standard,13,unrecognized,,correct,blind_hit,1,4,misinformation,
ramdocs-0463-a1,ramdocs_a,standard_nothink,13,unrecognized,,correct,blind_hit,1,4,misinformation,
ramdocs-0464-a1,ramdocs_a,reflection,13,detected,correct,correct,legitimate,1,4,misinformation,judge
ramdocs-0464-a1,ramdocs_a,standard,13,detected,wrong,correct,discordant_hit,1,4,misinformation,rule
ramdocs-0464-a1,ramdocs_a,standard_nothink,13,unrecognized,,correct,blind_hit,1,4,misinformation,
ramdocs-0465-a2,ramdocs_a,reflection,13,detected,correct,correct,legitimate,1,4,misinformation,judge
ramdocs-0465-a2,ramdocs_a,standard,13,unrecognized,,correct,blind_hit,1,4,misinformation,
ramdocs-0465-a2,ramdocs_a,standard_nothink,13,unrecognized,,correct,blind_hit,1,4,misinformation,
ramdocs-0467-a0,ramdocs_a,reflection,13,detected,correct,correct,legitimate,1,3,misinformation,judge
ramdocs-0467-a0,ramdocs_a,standard,13,detected,correct,correct,legitimate,1,3,misinformation,judge
ramdocs-0467-a0,ramdocs_a,standard_nothink,13,unrecognized,,correct,blind_hit,1,3,misinformation,
ramdocs-0468-a0,ramdocs_a,reflection,13,detected,correct,correct,legitimate,1,6,misinformation,rule
ramdocs-0468-a0,ramdocs_a,standard,13,detected,correct,correct,legitimate,1,6,misinformation,rule
ramdocs-0468-a0,ramdocs_a,standard_nothink,13,unrecognized,,correct,blind_hit,1,6,misinformation,
ramdocs-0468-a1,ramdocs_a,reflection,13,detected,correct,correct,legitimate,1,7,misinformation,judge
ramdocs-0468-a1,ramdocs_a,standard,13,detected,correct,correct,legitimate,1,7,misinformation,judge
ramdocs-0468-a1,ramdocs_a,standard_nothink,13,unrecognized,,correct,blind_hit,1,7,misinformation,
ramdocs-0469-a2,ramdocs_a,reflection,13,detected,correct,correct,legitimate,1,5,misinformation,judge
ramdocs-0469-a2,ramdocs_a,standard,13,unrecognized,,correct,blind_hit,1,5,misinformation,
ramdocs-0469-a2,ramdocs_a,standard_nothink,13,unrecognized,,correct,blind_hit,1,5,misinformation,
ramdocs-0470-a0,ramdocs_a,reflection,13,detected,unresolved,wrong,,0,3,misinformation,judge
ramdocs-0470-a0,ramdocs_a,standard,13,detected,unresolved,wrong,,0,3,misinformation,judge
ramdocs-0470-a0,ramdocs_a,standard_nothink,13,unrecognized,,correct,blind_hit,1,3,misinformation,
ramdocs-0470-a1,ramdocs_a,reflection,13,detected,wrong,correct,discordant_hit,1,3,misinformation,judge
ramdocs-0470-a1,ramdocs_a,standard,13,unrecognized,,correct,blind_hit,1,3,misinformation,
ramdocs-0470-a1,ramdocs_a,standard_nothink,13,unrecognized,,correct,blind_hit,1,3,misinformation,
ramdocs-0473-a1,ramdocs_a,reflection,13,detected,correct,correct,legitimate,1,4,misinformation,judge
ramdocs-0473-a1,ramdocs_a,standard,13,detected,wrong,wrong,,0,4,misinformation,rule
ramdocs-0473-a1,ramdocs_a,standard_nothink,13,unrecognized,,correct,blind_hit,1,4,misinformation,
ramdocs-0475-a0,ramdocs_a,reflection,13,detected,correct,correct,legitimate,1,5,misinformation,judge
ramdocs-0475-a0,ramdocs_a,standard,13,detected,correct,correct,legitimate,1,5,misinformation,judge
ramdocs-0475-a0,ramdocs_a,standard_nothink,13,unrecognized,,correct,blind_hit,1,5,misinformation,
ramdocs-0475-a2,ramdocs_a,reflection,13,unrecognized,,correct,blind_hit,1,3,misinformation,
ramdocs-0475-a2,ramdocs_a,standard,13,detected,correct,correct,legitimate,1,3,misinformation,judge
ramdocs-0475-a2,ramdocs_a,standard_nothink,13,unrecognized,,correct,blind_hit,1,3,misinformation,
ramdocs-0477-a0,ramdocs_a,reflection,13,detected,correct,correct,legitimate,1,7,misinformation,judge
ramdocs-0477-a0,ramdocs_a,standard,13,detected,correct,correct,legitimate,1,7,misinformation,rule
ramdocs-0477-a0,ramdocs_a,standard_nothink,13,unrecognized,,correct,blind_hit,1,7,misinformation,
ramdocs-0479-a0,ramdocs_a,reflection,13,detected,wrong,correct,discordant_hit,1,4,misinformation,rule
ramdocs-0479-a0,ramdocs_a,standard,13,detected,wrong,correct,discordant_hit,1,4,misinformation,rule
ramdocs-0479-a0,ramdocs_a,standard_nothink,13,unrecognized,,correct,blind_hit,1,4,misinformation,
ramdocs-0479-a1,ramdocs_a,reflection,13,detected,correct,correct,legitimate,1,5,misinformation,judge
ramdocs-0479-a1,ramdocs_a,standard,13,detected,correct,correct,legitimate,1,5,misinformation,judge
ramdocs-0479-a1,ramdocs_a,standard_nothink,13,unrecognized,,correct,blind_hit,1,5,misinformation,
ramdocs-0479-a2,ramdocs_a,reflection,13,detected,correct,correct,legitimate,1,5,misinformation,judge
ramdocs-0479-a2,ramdocs_a,standard,13,unrecognized,,correct,blind_hit,1,5,misinformation,
ramdocs-0479-a2,ramdocs_a,standard_nothink,13,unrecognized,,correct,blind_hit,1,5,misinformation,
ramdocs-0485-a1,ramdocs_a,reflection,13,detected,wrong,wrong,,0,2,misinformation,rule
ramdocs-0485-a1,ramdocs_a,standard,13,detected,unresolved,wrong,,0,2,misinformation,rule
ramdocs-0485-a1,ramdocs_a,standard_nothink,13,unrecognized,,wrong,,0,2,misinformation,
ramdocs-0486-a1,ramdocs_a,reflection,13,detected,correct,correct,legitimate,1,4,misinformation,judge
ramdocs-0486-a1,ramdocs_a,standard,13,unrecognized,,correct,blind_hit,1,4,misinformation,
ramdocs-0486-a1,ramdocs_a,standard_nothink,13,unrecognized,,correct,blind_hit,1,4,misinformation,
ramdocs-0486-a2,ramdocs_a,reflection,13,detected,correct,correct,legitimate,1,5,misinformation,rule
ramdocs-0486-a2,ramdocs_a,standard,13,detected,correct,correct,legitimate,1,5,misinformation,judge
ramdocs-0486-a2,ramdocs_a,standard_nothink,13,unrecognized,,correct,blind_hit,1,5,misinformation,
ramdocs-0487-a1,ramdocs_a,reflection,13,detected,wrong,correct,discordant_hit,1,5,misinformation,judge
ramdocs-0487-a1,ramdocs_a,standard,13,detected,correct,correct,legitimate,1,5,misinformation,rule
ramdocs-0487-a1,ramdocs_a,standard_nothink,13,unrecognized,,correct,blind_hit,1,5,misinformation,
ramdocs-0490-a2,ramdocs_a,reflection,13,detected,correct,wrong,,0,3,misinformation,judge
ramdocs-0490-a2,ramdocs_a,standard,13,unrecognized,,wrong,,0,3,misinformation,
ramdocs-0490-a2,ramdocs_a,standard_nothink,13,unrecognized,,wrong,,0,3,misinformation,
ramdocs-0495-a0,ramdocs_a,reflection,13,detected,unresolved,correct,shortcut,1,4,misinformation,judge
ramdocs-0495-a0,ramdocs_a,standard,13,detected,correct,correct,legitimate,1,4,misinformation,judge
ramdocs-0495-a0,ramdocs_a,standard_nothink,13,unrecognized,,correct,blind_hit,1,4,misinformation,
ramdocs-0495-a1,ramdocs_a,reflection,13,detected,correct,correct,legitimate,1,5,misinformation,judge
ramdocs-0495-a1,ramdocs_a,standard,13,unrecognized,,correct,blind_hit,1,5,misinformation,
ramdocs-0495-a1,ramdocs_a,standard_nothink,13,unrecognized,,correct,blind_hit,1,5,misinformation,
ramdocs-0496-a1,ramdocs_a,reflection,13,detected,correct,wrong,,0,5,misinformation,judge
ramdocs-0496-a1,ramdocs_a,standard,13,unrecognized,,wrong,,0,5,misinformation,
ramdocs-0496-a1,ramdocs_a,standard_nothink,13,unrecognized,,correct,blind_hit,1,5,misinformation,
ramdocs-0496-a2,ramdocs_a,reflection,13,detected,correct,correct,legitimate,1,5,misinformation,rule
ramdocs-0496-a2,ramdocs_a,standard,13,detected,correct,correct,legitimate,1,5,misinformation,judge
ramdocs-0496-a2,ramdocs_a,standard_nothink,13,unrecognized,,correct,blind_hit,1,5,misinformation,
ramdocs-0498-a0,ramdocs_a,reflection,13,detected,correct,correct,legitimate,1,5,misinformation,judge
ramdocs-0498-a0,ramdocs_a,standard,13,unrecognized,,correct,blind_hit,1,5,misinformation,
ramdocs-0498-a0,ramdocs_a,standard_nothink,13,unrecognized,,correct,blind_hit,1,5,misinformation,
